,College,MLB,NBA,NFL,Total,Rank,conference_College
0,University of Michigan,5.0,9.0,4.0,18.0,1.0,Big Ten
1,University of California-Los Angeles,6.0,2.0,12.0,20.0,2.0,Pac-12
2,University of Notre Dame,17.0,7.0,1.0,25.0,3.0,Independent
3,University of Southern California,2.0,22.0,2.0,26.0,4.0,Pac-12
4,Louisiana State University,8.0,19.0,7.0,34.0,5.0,SEC
5,Ohio State University,28.0,16.0,3.0,47.0,6.0,Big Ten
6,University of North Carolina at Chapel Hill,13.0,3.0,35.0,51.0,7.0,ACC
7,University of Illinois,15.0,19.0,24.0,58.0,8.0,Big Ten
8,University of Texas,1.0,41.0,17.0,59.0,9.0,Big 12
9,Florida State University,10.0,33.0,21.0,64.0,10.0,ACC
10,University of Florida,15.0,39.0,13.0,67.0,11.0,SEC
11,University of Arizona,7.0,10.0,51.0,68.0,12.0,Pac-12
12,Stanford University,4.0,36.0,28.0,68.0,12.0,Pac-12
13,University of Alabama,11.0,47.0,10.0,68.0,12.0,SEC
14,University of Tennessee,33.0,27.0,11.0,71.0,15.0,SEC
15,University of California-Berkeley,13.0,33.0,27.0,73.0,16.0,Pac-12
16,Michigan State University,50.0,11.0,15.0,76.0,17.0,Big Ten
17,Arizona State University,3.0,52.0,26.0,81.0,18.0,Pac-12
18,University of Oklahoma,11.0,70.0,8.0,89.0,19.0,Big 12
19,University of Minnesota,55.0,11.0,29.0,95.0,20.0,Big Ten
20,University of Arkansas,26.0,41.0,30.0,97.0,21.0,SEC
21,North Carolina State University,41.0,16.0,55.0,112.0,22.0,ACC
22,University of Kentucky,59.0,1.0,52.0,112.0,22.0,SEC
23,Auburn University,26.0,66.0,23.0,115.0,24.0,SEC
24,Indiana University,71.0,6.0,40.0,117.0,25.0,Big Ten
25,University of Miami,17.0,96.0,9.0,122.0,26.0,
26,Duke University,45.0,4.0,76.0,125.0,27.0,ACC
27,Texas A&M University,22.0,84.0,19.0,125.0,27.0,SEC
28,Clemson University,22.0,70.0,34.0,126.0,29.0,ACC
29,Oklahoma State University,17.0,63.0,47.0,127.0,30.0,Big 12
30,Syracuse University,86.0,14.0,31.0,131.0,31.0,ACC
31,University of South Carolina,25.0,58.0,50.0,133.0,32.0,SEC
32,University of Georgia,39.0,78.0,18.0,135.0,33.0,SEC
33,University of Maryland,79.0,21.0,38.0,138.0,34.0,Big Ten
34,University of Missouri,50.0,50.0,42.0,142.0,35.0,SEC
35,University of Wisconsin at Madison,75.0,52.0,16.0,143.0,36.0,Big Ten
36,University of Iowa,79.0,39.0,25.0,143.0,36.0,Big Ten
37,University of Washington,93.0,30.0,20.0,143.0,36.0,Pac-12
38,Villanova University,45.0,14.0,85.0,144.0,39.0,CAA
39,University of Virginia,50.0,51.0,43.0,144.0,39.0,ACC
40,University of Kansas,86.0,5.0,57.0,148.0,41.0,Big 12
41,Oregon State University,63.0,41.0,47.0,151.0,42.0,Pac-12
42,Baylor University,36.0,78.0,39.0,153.0,43.0,Big 12
43,Boston College,75.0,52.0,35.0,162.0,44.0,ACC
44,Wake Forest University,54.0,41.0,68.0,163.0,45.0,ACC
45,University of Nebraska,41.0,120.0,6.0,167.0,46.0,Big Ten
46,Purdue University,122.0,24.0,22.0,168.0,47.0,Big Ten
47,University of Houston,71.0,47.0,60.0,178.0,48.0,American
48,Mississippi State University,28.0,96.0,55.0,179.0,49.0,SEC
49,Washington State University,50.0,88.0,45.0,183.0,50.0,Pac-12
50,University of Oregon,111.0,41.0,32.0,184.0,51.0,Pac-12
51,Pennsylvania State University,71.0,109.0,5.0,185.0,52.0,Big Ten
52,Georgetown University,55.0,18.0,113.0,186.0,53.0,Patriot
53,Vanderbilt University,71.0,56.0,79.0,206.0,54.0,SEC
54,Brigham Young University,83.0,66.0,58.0,207.0,55.0,Independent
55,West Virginia University,79.0,88.0,41.0,208.0,56.0,Big 12
56,Northwestern University,83.0,84.0,45.0,212.0,57.0,Big Ten
57,College of the Holy Cross,9.0,114.0,93.0,216.0,58.0,Patriot
58,Texas Christian University,41.0,129.0,49.0,219.0,59.0,Big 12
59,University of Nevada-Las Vegas,93.0,36.0,95.0,224.0,60.0,Mountain West
60,University of Mississippi,35.0,159.0,37.0,231.0,61.0,SEC
61,Iowa State University,98.0,52.0,81.0,231.0,61.0,Big 12
62,University of Memphis,130.0,27.0,77.0,234.0,63.0,American
63,Tulane University,63.0,99.0,77.0,239.0,64.0,American
64,University of Cincinnati,143.0,30.0,67.0,240.0,65.0,American
65,Rice University,49.0,109.0,83.0,241.0,66.0,C-USA
66,Texas Tech University,62.0,114.0,65.0,241.0,66.0,Big 12
67,University of Pittsburgh,159.0,70.0,14.0,243.0,68.0,ACC
68,Santa Clara University,24.0,99.0,132.0,255.0,69.0,
69,Wichita State University,39.0,75.0,145.0,259.0,70.0,
70,Fordham University,36.0,120.0,108.0,264.0,71.0,Patriot
71,San Diego State University,31.0,179.0,54.0,264.0,71.0,Mountain West
72,Rutgers University,93.0,104.0,80.0,277.0,73.0,Big Ten
73,University of Connecticut,143.0,24.0,120.0,287.0,74.0,American
74,University of Pennsylvania,45.0,129.0,113.0,287.0,74.0,Ivy
75,University of Utah,192.0,36.0,59.0,287.0,74.0,Pac-12
76,Temple University,192.0,30.0,75.0,297.0,77.0,American
77,University of Nevada,104.0,109.0,109.0,322.0,78.0,Mountain West
78,San Jose State University,98.0,159.0,71.0,328.0,79.0,Mountain West
79,Southern Illinois University,70.0,129.0,132.0,331.0,80.0,Missouri Valley
80,Bowling Green State University,130.0,88.0,113.0,331.0,80.0,MAC
81,Kansas State University,231.0,56.0,52.0,339.0,82.0,Big 12
82,Louisiana Tech University,111.0,144.0,86.0,341.0,83.0,C-USA
83,Ohio University,93.0,120.0,132.0,345.0,84.0,MAC
84,California State University-Fullerton,20.0,129.0,202.0,351.0,85.0,
85,Princeton University,63.0,129.0,160.0,352.0,86.0,Ivy
86,Grambling State University,172.0,109.0,71.0,352.0,86.0,SWAC
87,Western Michigan University,75.0,159.0,120.0,354.0,88.0,MAC
88,Dartmouth College,63.0,159.0,141.0,363.0,89.0,Ivy
89,Eastern Michigan University,111.0,120.0,136.0,367.0,90.0,MAC
90,Tennessee State University,231.0,78.0,70.0,379.0,91.0,Ohio Valley
91,University of Toledo,172.0,114.0,95.0,381.0,92.0,MAC
92,University of Southern Mississippi,111.0,199.0,73.0,383.0,93.0,C-USA
93,New York University,159.0,66.0,160.0,385.0,94.0,
94,University of Louisiana at Lafayette,143.0,129.0,120.0,392.0,95.0,Sun Belt
95,University of Wyoming,253.0,58.0,88.0,399.0,96.0,Mountain West
96,University of Louisville,329.0,8.0,64.0,401.0,97.0,ACC
97,University of New Mexico,231.0,75.0,100.0,406.0,98.0,Mountain West
98,University of San Francisco,130.0,58.0,218.0,406.0,98.0,
99,Brown University,38.0,249.0,124.0,411.0,100.0,Ivy
100,Western Kentucky University,208.0,35.0,172.0,415.0,101.0,C-USA
101,Georgia Institute of Technology,21.0,27.0,369.0,417.0,102.0,
102,Central Michigan University,130.0,139.0,148.0,417.0,103.0,MAC
103,Gonzaga University,111.0,99.0,211.0,421.0,104.0,
104,Jackson State University,231.0,109.0,82.0,422.0,105.0,SWAC
105,University of Tulsa,283.0,88.0,61.0,432.0,106.0,American
106,Southern Methodist University,283.0,88.0,61.0,432.0,106.0,American
107,Kent State University,86.0,222.0,126.0,434.0,108.0,MAC
108,Duquesne University,253.0,63.0,119.0,435.0,109.0,Northeast
109,Loyola Marymount University,55.0,144.0,242.0,441.0,110.0,
110,Colgate University,159.0,199.0,94.0,452.0,111.0,Patriot
111,East Carolina University,122.0,249.0,88.0,459.0,112.0,American
112,Marshall University,253.0,104.0,102.0,459.0,112.0,C-USA
113,Southern University and A&M College,192.0,179.0,95.0,466.0,114.0,SWAC
114,University of Colorado,377.0,58.0,32.0,467.0,115.0,Pac-12
115,Yale University,63.0,222.0,184.0,469.0,116.0,Ivy
116,University of Richmond,122.0,222.0,127.0,471.0,117.0,CAA
117,California State University-Long Beach,28.0,78.0,369.0,475.0,118.0,
118,Bradley University,130.0,75.0,270.0,475.0,119.0,
119,University of South Florida,143.0,179.0,155.0,477.0,120.0,American
120,California State University-Fresno,31.0,88.0,369.0,488.0,121.0,
121,Eastern Kentucky University,192.0,144.0,155.0,491.0,122.0,Ohio Valley
122,Indiana State University,93.0,120.0,281.0,494.0,123.0,Missouri Valley
123,Columbia University,172.0,179.0,152.0,503.0,124.0,Ivy
124,St. Mary's College of California,33.0,369.0,109.0,511.0,125.0,
125,Illinois State University,159.0,179.0,177.0,515.0,126.0,Missouri Valley
126,Creighton University,111.0,88.0,322.0,521.0,127.0,
127,St. John's University,111.0,11.0,402.0,524.0,128.0,
128,Pepperdine University,45.0,78.0,402.0,525.0,129.0,
129,McNeese State University,208.0,159.0,172.0,539.0,130.0,Southland
130,Miami University of Ohio,86.0,369.0,88.0,543.0,131.0,MAC
131,University of Louisiana at Monroe,231.0,179.0,135.0,545.0,132.0,Sun Belt
132,University of Central Florida,283.0,159.0,106.0,548.0,133.0,American
133,College of William & Mary,192.0,249.0,107.0,548.0,133.0,CAA
134,Harvard University,208.0,199.0,145.0,552.0,135.0,Ivy
135,Lamar University,172.0,199.0,188.0,559.0,136.0,Southland
136,University of Detroit Mercy,377.0,70.0,117.0,564.0,137.0,
137,Cornell University,208.0,222.0,141.0,571.0,138.0,Ivy
138,Georgia Southern University,130.0,222.0,222.0,574.0,139.0,Sun Belt
139,St. Bonaventure University,231.0,84.0,261.0,576.0,140.0,
140,Manhattan College,60.0,120.0,402.0,582.0,141.0,
141,Virginia Polytechnic Institute and State University,122.0,99.0,369.0,590.0,142.0,
142,Missouri State University,122.0,199.0,270.0,591.0,143.0,Missouri Valley
143,University of Hawaii at Manoa,143.0,369.0,87.0,599.0,144.0,
144,Western Carolina University,208.0,144.0,253.0,605.0,145.0,Southern
145,University of California-Santa Barbara,83.0,179.0,346.0,608.0,146.0,
146,University of Massachusetts Amherst,98.0,144.0,369.0,611.0,147.0,
147,Sam Houston State University,172.0,249.0,202.0,623.0,148.0,Southland
148,Northern Illinois University,377.0,144.0,104.0,625.0,149.0,MAC
149,Oral Roberts University,98.0,159.0,369.0,626.0,150.0,
150,Ball State University,253.0,222.0,152.0,627.0,151.0,MAC
151,West Texas A&M University,369.0,144.0,120.0,633.0,152.0,
152,Lehigh University,159.0,313.0,165.0,637.0,153.0,Patriot
153,James Madison University,159.0,249.0,231.0,639.0,154.0,CAA
154,Middle Tennessee State University,208.0,249.0,182.0,639.0,154.0,C-USA
155,Alcorn State University,369.0,159.0,113.0,641.0,156.0,SWAC
156,Virginia Commonwealth University,159.0,120.0,369.0,648.0,157.0,
157,Eastern Illinois University,208.0,249.0,194.0,651.0,158.0,Ohio Valley
158,University of Montana,369.0,179.0,109.0,657.0,159.0,Big Sky
159,Niagara University,172.0,114.0,371.0,657.0,160.0,
160,Colorado State University,456.0,129.0,74.0,659.0,161.0,Mountain West
161,Texas State University,253.0,249.0,160.0,662.0,162.0,Sun Belt
162,University of Dayton,456.0,66.0,141.0,663.0,163.0,Pioneer
163,Texas Southern University,369.0,199.0,101.0,669.0,164.0,SWAC
164,University of Idaho,329.0,249.0,91.0,669.0,165.0,Sun Belt
165,University of the Pacific,172.0,139.0,369.0,680.0,166.0,
166,Lafayette College,143.0,369.0,177.0,689.0,167.0,Patriot
167,University of New Orleans,143.0,179.0,369.0,691.0,168.0,
168,Morehead State University,192.0,179.0,322.0,693.0,169.0,Pioneer
169,Northeastern University,283.0,179.0,231.0,693.0,169.0,
170,Furman University,283.0,222.0,194.0,699.0,171.0,Southern
171,Saint Louis University,377.0,96.0,231.0,704.0,172.0,
172,Davidson College,143.0,159.0,402.0,704.0,172.0,Pioneer
173,Idaho State University,369.0,159.0,177.0,705.0,174.0,Big Sky
174,University of Tennessee at Chattanooga,369.0,222.0,127.0,718.0,175.0,Southern
175,Troy University,231.0,369.0,129.0,729.0,176.0,Sun Belt
176,University of Delaware,172.0,369.0,188.0,729.0,176.0,CAA
177,University of Texas at Arlington,172.0,369.0,194.0,735.0,178.0,
178,University of Akron,377.0,199.0,160.0,736.0,179.0,MAC
179,Seton Hall University,60.0,47.0,630.0,737.0,180.0,
180,California Polytechnic State University-Pomona,208.0,249.0,281.0,738.0,181.0,
181,Oklahoma City University,253.0,144.0,346.0,743.0,182.0,
182,University of Texas at El Paso,555.0,104.0,84.0,743.0,182.0,C-USA
183,Virginia Union University,369.0,144.0,231.0,744.0,184.0,
184,Xavier University,456.0,78.0,211.0,745.0,185.0,
185,Washington & Jefferson College,377.0,222.0,148.0,747.0,186.0,
186,Florida International University,130.0,313.0,304.0,747.0,186.0,C-USA
187,Boston University,456.0,159.0,136.0,751.0,188.0,
188,University of Chicago,172.0,369.0,211.0,752.0,189.0,
189,Utah State University,555.0,129.0,69.0,753.0,190.0,Mountain West
190,St. Thomas University,253.0,313.0,188.0,754.0,191.0,
191,University of San Diego,122.0,313.0,322.0,757.0,192.0,Pioneer
192,Austin Peay State University,253.0,159.0,346.0,758.0,193.0,Ohio Valley
193,University of Denver,329.0,159.0,270.0,758.0,193.0,
194,University of Rhode Island,456.0,84.0,218.0,758.0,193.0,CAA
195,California State University-Los Angeles,192.0,199.0,369.0,760.0,196.0,
196,Delta State University,192.0,222.0,346.0,760.0,197.0,
197,Grand Canyon University,143.0,249.0,369.0,761.0,198.0,
198,Portland State University,283.0,313.0,165.0,761.0,199.0,Big Sky
199,Elon University,172.0,313.0,281.0,766.0,200.0,CAA
200,Bucknell University,86.0,313.0,369.0,768.0,201.0,Patriot
201,Old Dominion University,172.0,129.0,476.0,777.0,202.0,C-USA
202,Hampton University,369.0,249.0,160.0,778.0,203.0,MEAC
203,Sacramento City College,41.0,369.0,369.0,779.0,204.0,
204,Blinn College,98.0,313.0,369.0,780.0,205.0,
205,Georgia Tech University,369.0,369.0,43.0,781.0,206.0,ACC
206,Kentucky State University,369.0,159.0,253.0,781.0,207.0,
207,University of California-Irvine,253.0,159.0,369.0,781.0,207.0,
208,North Carolina Central University,369.0,249.0,169.0,787.0,209.0,MEAC
209,University of California-Riverside,104.0,313.0,371.0,788.0,210.0,
210,New Mexico State University,555.0,104.0,131.0,790.0,211.0,Sun Belt
211,Cerritos College,55.0,369.0,369.0,793.0,212.0,
212,Providence College,283.0,41.0,476.0,800.0,213.0,
213,Southeast Missouri State University,329.0,249.0,222.0,800.0,213.0,Ohio Valley
214,Virginia Tech University,369.0,369.0,63.0,801.0,215.0,ACC
215,Long Island University,369.0,63.0,369.0,801.0,215.0,
216,Miami-Dade College-North Campus,63.0,369.0,369.0,801.0,215.0,
217,State College of Florida-Manatee Sarasota,63.0,369.0,369.0,801.0,215.0,
218,Murray State University,456.0,114.0,231.0,801.0,219.0,Ohio Valley
219,Eastern Washington University,369.0,249.0,184.0,802.0,220.0,Big Sky
220,California State University-Northridge,143.0,313.0,346.0,802.0,221.0,
221,Arkansas State University,456.0,222.0,124.0,802.0,221.0,
222,Fresno State University,369.0,369.0,65.0,803.0,223.0,Mountain West
223,California Polytechnic State University-San Luis Obispo,122.0,313.0,369.0,804.0,224.0,
224,Montana State University,369.0,249.0,188.0,806.0,225.0,Big Sky
225,Saint Joseph's University,369.0,70.0,369.0,808.0,226.0,
226,Washington and Lee University,159.0,369.0,281.0,809.0,227.0,
227,Indian Hills Community College,192.0,249.0,369.0,810.0,228.0,
228,University of Maine,369.0,249.0,194.0,812.0,229.0,CAA
229,Miami-Dade College-Kendall Campus,75.0,369.0,369.0,813.0,230.0,
230,Boise State University,555.0,159.0,99.0,813.0,231.0,Mountain West
231,University of Northern Colorado,231.0,313.0,270.0,814.0,232.0,Big Sky
232,Morgan State University,369.0,313.0,136.0,818.0,233.0,MEAC
233,College of Charleston,231.0,222.0,369.0,822.0,234.0,
234,Seminole State College,86.0,369.0,369.0,824.0,235.0,
235,Stetson University,208.0,249.0,369.0,826.0,236.0,Pioneer
236,Mesa Community College,86.0,369.0,371.0,826.0,236.0,
237,Florida A&M University,369.0,369.0,91.0,829.0,238.0,MEAC
238,Liberty University,377.0,222.0,231.0,830.0,239.0,Big South
239,Illinois Wesleyan University,172.0,313.0,346.0,831.0,240.0,
240,Centenary College of Louisiana,329.0,199.0,304.0,832.0,241.0,
241,Tufts University,143.0,369.0,322.0,834.0,242.0,
242,Fresno City College,98.0,369.0,369.0,836.0,243.0,
243,Nicholls State University,377.0,249.0,211.0,837.0,244.0,Southland
244,University of Portland,253.0,139.0,449.0,841.0,245.0,
245,Indian River Community College,104.0,369.0,369.0,842.0,246.0,
246,Santa Ana College,104.0,369.0,369.0,842.0,246.0,
247,San Jacinto College-North Campus,104.0,369.0,369.0,842.0,246.0,
248,Riverside Community College,104.0,369.0,369.0,842.0,246.0,
249,Los Angeles Pierce College,104.0,369.0,369.0,842.0,246.0,
250,Florida Atlantic University,231.0,369.0,242.0,842.0,251.0,C-USA
251,The Citadel,253.0,369.0,222.0,844.0,252.0,Southern
252,Orange Coast College,111.0,369.0,369.0,849.0,253.0,
253,Fullerton College,111.0,369.0,369.0,849.0,253.0,
254,University of Maine at Orono,111.0,369.0,369.0,849.0,253.0,
255,Middle Georgia College,111.0,369.0,369.0,849.0,253.0,
256,East Tennessee State University,377.0,222.0,253.0,852.0,257.0,Southern
257,Southeastern Louisiana University,253.0,369.0,231.0,853.0,258.0,Southland
258,Catawba College,231.0,369.0,253.0,853.0,258.0,
259,Western Illinois University,377.0,313.0,165.0,855.0,260.0,Missouri Valley
260,Marquette University,732.0,22.0,102.0,856.0,261.0,
261,Mississippi Valley State University,369.0,313.0,177.0,859.0,262.0,SWAC
262,Chipola College,122.0,369.0,369.0,860.0,263.0,
263,Prairie View A&M University,456.0,249.0,155.0,860.0,264.0,SWAC
264,Jacksonville University,208.0,120.0,534.0,862.0,265.0,Pioneer
265,Jacksonville State University,329.0,313.0,222.0,864.0,266.0,Ohio Valley
266,University of Arkansas at Pine Bluff,369.0,313.0,184.0,866.0,267.0,SWAC
267,Weber State University,369.0,129.0,369.0,867.0,268.0,Big Sky
268,Gulf Coast Community College,130.0,369.0,369.0,868.0,269.0,
269,Chabot College,130.0,369.0,369.0,868.0,269.0,
270,Dallas Baptist University,130.0,369.0,369.0,868.0,269.0,
271,University of North Dakota,369.0,313.0,188.0,870.0,272.0,Big Sky
272,Hill College,192.0,313.0,369.0,874.0,273.0,
273,Youngstown State University,377.0,313.0,184.0,874.0,274.0,Missouri Valley
274,Alabama State University,369.0,313.0,194.0,876.0,275.0,SWAC
275,Miami University,369.0,139.0,369.0,877.0,276.0,ACC
276,Saint Mary's College of California,369.0,139.0,369.0,877.0,276.0,
277,Bethune-Cookman,369.0,369.0,139.0,877.0,276.0,
278,Virginia Military Institute,369.0,249.0,261.0,879.0,279.0,Southern
279,Cypress College,143.0,369.0,369.0,881.0,280.0,
280,Lewis-Clark State College,143.0,369.0,369.0,881.0,280.0,
281,Paris Junior College,143.0,369.0,369.0,881.0,280.0,
282,Louisburg College,143.0,369.0,369.0,881.0,280.0,
283,Midland College,369.0,144.0,369.0,882.0,284.0,
284,University of Hawaii,369.0,144.0,369.0,882.0,284.0,Mountain West
285,South Carolina State University,555.0,222.0,105.0,882.0,286.0,MEAC
286,Bucknell,369.0,369.0,145.0,883.0,287.0,
287,Tuskegee University,377.0,249.0,261.0,887.0,288.0,
288,University of South Alabama,79.0,179.0,630.0,888.0,289.0,Sun Belt
289,University of Massachusetts,369.0,369.0,151.0,889.0,290.0,MAC
290,West Chester University of Pennsylvania,253.0,369.0,270.0,892.0,291.0,
291,University of New Hampshire,329.0,369.0,194.0,892.0,291.0,CAA
292,University of North Alabama,329.0,369.0,194.0,892.0,291.0,
293,Williams College,208.0,313.0,371.0,892.0,294.0,
294,Abilene Christian University,369.0,369.0,155.0,893.0,295.0,Southland
295,St. Louis Community College-Forest Park Campus,159.0,369.0,369.0,897.0,296.0,
296,City College of New York,369.0,159.0,369.0,897.0,296.0,
297,Citrus College,159.0,369.0,369.0,897.0,296.0,
298,Los Angeles Harbor College,159.0,369.0,369.0,897.0,296.0,
299,Los Angeles Valley College,159.0,369.0,369.0,897.0,296.0,
300,Florida Southern College,159.0,369.0,369.0,897.0,296.0,
301,Lincoln University of Missouri,369.0,249.0,281.0,899.0,302.0,
302,University of Northern Iowa,377.0,369.0,155.0,901.0,303.0,Missouri Valley
303,Rider University,283.0,249.0,369.0,901.0,303.0,
304,Long Beach State University,369.0,369.0,165.0,903.0,305.0,
305,University of Tampa,329.0,313.0,261.0,903.0,306.0,
306,Alabama A&M University,369.0,313.0,222.0,904.0,307.0,SWAC
307,University of Texas-Pan American,377.0,159.0,369.0,905.0,308.0,
308,California Polytechnic State University,369.0,369.0,169.0,907.0,309.0,Big Sky
309,Howard University,456.0,249.0,202.0,907.0,310.0,MEAC
310,Appalachian State University,456.0,313.0,139.0,908.0,311.0,Sun Belt
311,Golden West College,172.0,369.0,369.0,910.0,312.0,
312,Spartanburg Methodist College,172.0,369.0,369.0,910.0,312.0,
313,Merced College,172.0,369.0,369.0,910.0,312.0,
314,Rollins College,172.0,369.0,369.0,910.0,312.0,
315,University of La Verne,172.0,369.0,369.0,910.0,312.0,
316,Central Arizona College,172.0,369.0,369.0,910.0,312.0,
317,West Virginia Wesleyan College,377.0,313.0,222.0,912.0,318.0,
318,Albany State University,369.0,179.0,369.0,917.0,319.0,
319,North Carolina Agricultural and Technical State University,369.0,179.0,369.0,917.0,319.0,
320,Mount San Antonio College,130.0,313.0,476.0,919.0,321.0,
321,Md-Eastern Shore,369.0,369.0,182.0,920.0,322.0,
322,Truman State University,377.0,222.0,322.0,921.0,323.0,
323,California University of Pennslyvania,369.0,313.0,242.0,924.0,324.0,
324,Butler University,377.0,179.0,369.0,925.0,325.0,Pioneer
325,Navy,369.0,369.0,188.0,926.0,326.0,American
326,Yavapai College,192.0,369.0,369.0,930.0,327.0,
327,Miami-Dade College-Wolfson Campus,192.0,369.0,369.0,930.0,327.0,
328,University of New Haven,192.0,369.0,369.0,930.0,327.0,
329,Valdosta State University,369.0,313.0,249.0,931.0,330.0,
330,Millikin University,283.0,369.0,281.0,933.0,331.0,
331,Washington University in St. Louis,283.0,369.0,281.0,933.0,331.0,
332,Lewis University,253.0,313.0,369.0,935.0,333.0,
333,Fort Valley State University,369.0,313.0,253.0,935.0,333.0,
334,University of Alabama at Birmingham,555.0,159.0,222.0,936.0,335.0,
335,Hofstra University,555.0,179.0,202.0,936.0,335.0,
336,Saint Peter's College,369.0,199.0,369.0,937.0,337.0,
337,University of Wisconsin at Green Bay,369.0,199.0,369.0,937.0,337.0,
338,Saint Francis University,369.0,199.0,369.0,937.0,337.0,Northeast
339,South Plains College,369.0,199.0,369.0,937.0,337.0,
340,University of Maryland Eastern Shore,369.0,199.0,369.0,937.0,337.0,
341,Army,369.0,369.0,202.0,940.0,342.0,Independent
342,University of South Dakota,369.0,369.0,202.0,940.0,342.0,Missouri Valley
343,Central State (OH),369.0,369.0,202.0,940.0,342.0,
344,Catholic University of America,377.0,313.0,253.0,943.0,345.0,
345,Florida Agricultural and Mechanical University,377.0,199.0,369.0,945.0,346.0,
346,Cleveland State University,377.0,199.0,369.0,945.0,346.0,
347,American River College,208.0,369.0,369.0,946.0,348.0,
348,San Jose City College,208.0,369.0,369.0,946.0,348.0,
349,College of San Mateo,208.0,369.0,369.0,946.0,348.0,
350,Palm Beach Community College,208.0,369.0,369.0,946.0,348.0,
351,Oxnard College,208.0,369.0,369.0,946.0,348.0,
352,Pima Community College,208.0,369.0,369.0,946.0,348.0,
353,Broward Community College,208.0,369.0,369.0,946.0,348.0,
354,Brevard Community College,208.0,369.0,369.0,946.0,348.0,
355,College of the Sequoias,208.0,369.0,369.0,946.0,348.0,
356,Washington College,208.0,369.0,369.0,946.0,348.0,
357,Springfield College,231.0,313.0,402.0,946.0,358.0,
358,Valparaiso University,456.0,144.0,346.0,946.0,358.0,Pioneer
359,Mount St. Mary's University,329.0,249.0,369.0,947.0,360.0,
360,Meridian Community College,329.0,249.0,369.0,947.0,360.0,
361,Carson-Newman College,329.0,369.0,249.0,947.0,360.0,
362,Amherst College,130.0,369.0,449.0,948.0,363.0,
363,Sacramento State University,369.0,369.0,211.0,949.0,364.0,Big Sky
364,Carnegie Mellon,369.0,369.0,211.0,949.0,364.0,
365,University of North Carolina at Wilmington,253.0,249.0,449.0,951.0,366.0,
366,Carlisle Indian,369.0,369.0,218.0,956.0,367.0,
367,St. Cloud State University,283.0,369.0,304.0,956.0,368.0,
368,Presbyterian College,283.0,369.0,304.0,956.0,368.0,Big South
369,Grand Valley State University,377.0,369.0,211.0,957.0,370.0,
370,Whitworth,369.0,222.0,369.0,960.0,371.0,
371,Xavier University of Louisiana,369.0,222.0,369.0,960.0,371.0,
372,East Texas State University,369.0,222.0,369.0,960.0,371.0,
373,Pasadena City College,143.0,369.0,449.0,961.0,374.0,
374,La Salle University,369.0,58.0,534.0,961.0,374.0,
375,University of Vermont,192.0,369.0,402.0,963.0,376.0,
376,Johnson C. Smith University,369.0,313.0,281.0,963.0,376.0,
377,LeMoyne College,283.0,313.0,369.0,965.0,378.0,
378,St. Mary's University,283.0,313.0,369.0,965.0,378.0,
379,Norfolk State University,555.0,179.0,231.0,965.0,380.0,MEAC
380,Lebanon Valley College,283.0,313.0,371.0,967.0,381.0,
381,University of Wisconsin at La Crosse,329.0,369.0,270.0,968.0,382.0,
382,George Mason University,377.0,222.0,369.0,968.0,382.0,
383,San Diego Mesa College,231.0,369.0,369.0,969.0,384.0,
384,McLennan Community College,231.0,369.0,369.0,969.0,384.0,
385,Grayson County College,231.0,369.0,369.0,969.0,384.0,
386,Connors State College,231.0,369.0,369.0,969.0,384.0,
387,Case Western Reserve,369.0,369.0,231.0,969.0,384.0,
388,Navarro College,231.0,369.0,369.0,969.0,384.0,
389,Southwestern University,231.0,369.0,369.0,969.0,384.0,
390,Mesa State College,231.0,369.0,369.0,969.0,384.0,
391,Bakersfield College,231.0,369.0,369.0,969.0,384.0,
392,Gardner-Webb University,369.0,199.0,402.0,970.0,393.0,Big South
393,Mississippi College,283.0,369.0,322.0,974.0,394.0,
394,South Dakota State University,555.0,249.0,172.0,976.0,395.0,Missouri Valley
395,Air Force Academy,369.0,369.0,242.0,980.0,396.0,Mountain West
396,Hamline University,555.0,144.0,281.0,980.0,397.0,
397,Mercer University,192.0,313.0,476.0,981.0,398.0,Southern
398,University of North Carolina at Charlotte,208.0,144.0,630.0,982.0,399.0,C-USA
399,Dillard University,369.0,249.0,369.0,987.0,400.0,
400,West Virginia University Institute of Technology,369.0,249.0,369.0,987.0,400.0,
401,Northeast Mississippi Community College,369.0,249.0,369.0,987.0,400.0,
402,Okaloosa-Walton Community College,369.0,249.0,369.0,987.0,400.0,
403,Augsburg College,369.0,249.0,369.0,987.0,400.0,
404,Trinity Valley Community College,369.0,249.0,369.0,987.0,400.0,
405,Coppin State University,369.0,249.0,369.0,987.0,400.0,
406,Morris Brown,369.0,369.0,249.0,987.0,400.0,
407,Saint Mary of the Plains College,369.0,249.0,369.0,987.0,400.0,
408,Utah Valley State College,369.0,249.0,369.0,987.0,400.0,
409,Northeastern State University,369.0,249.0,369.0,987.0,400.0,
410,Augustana College (SD),369.0,249.0,369.0,987.0,400.0,
411,State University of New York College at Buffalo,369.0,249.0,369.0,987.0,400.0,
412,Midwestern State University,369.0,249.0,371.0,989.0,413.0,
413,Canada College,253.0,369.0,369.0,991.0,414.0,
414,Northwest Florida State College,253.0,369.0,369.0,991.0,414.0,
415,Georgia Perimeter College,253.0,369.0,369.0,991.0,414.0,
416,Panola College,253.0,369.0,369.0,991.0,414.0,
417,Kennesaw State University,253.0,369.0,369.0,991.0,414.0,Big South
418,Glendale Community College,253.0,369.0,369.0,991.0,414.0,
419,Lincoln Land Community College,253.0,369.0,369.0,991.0,414.0,
420,St. Mary's College,253.0,369.0,369.0,991.0,414.0,
421,San Joaquin Delta College,253.0,369.0,369.0,991.0,414.0,
422,University of South Carolina Aiken,253.0,369.0,369.0,991.0,414.0,
423,Coastal Carolina University,253.0,369.0,369.0,991.0,414.0,Big South
424,Wright State University,377.0,249.0,369.0,995.0,425.0,
425,Grove City College,283.0,369.0,346.0,998.0,426.0,
426,Trinity (TX),369.0,369.0,261.0,999.0,427.0,
427,Carroll (WI),369.0,369.0,261.0,999.0,427.0,
428,Heidelberg,369.0,369.0,261.0,999.0,427.0,
429,Washburn University,329.0,369.0,304.0,1002.0,430.0,
430,University of Wisconsin at Oshkosh,231.0,369.0,402.0,1002.0,430.0,
431,Drake University,732.0,99.0,172.0,1003.0,432.0,Pioneer
432,Cheyney University of Pennsylvania,369.0,159.0,476.0,1004.0,433.0,
433,DePauw University,369.0,313.0,322.0,1004.0,433.0,
434,University of Arkansas at Little Rock,456.0,179.0,369.0,1004.0,433.0,
435,Elizabeth City State University,369.0,313.0,322.0,1004.0,433.0,
436,DePaul University,732.0,24.0,249.0,1005.0,437.0,
437,University of North Texas,732.0,179.0,95.0,1006.0,438.0,C-USA
438,Ferrum College,377.0,369.0,261.0,1007.0,439.0,
439,Canisius,369.0,369.0,270.0,1008.0,440.0,
440,Langston,369.0,369.0,270.0,1008.0,440.0,
441,Ohio Wesleyan,369.0,369.0,270.0,1008.0,440.0,
442,Beloit College,329.0,313.0,369.0,1011.0,443.0,
443,Southeastern Oklahoma State University,329.0,313.0,369.0,1011.0,443.0,
444,Azusa Pacific University,329.0,313.0,369.0,1011.0,443.0,
445,City College of San Francisco,329.0,313.0,369.0,1011.0,443.0,
446,Howard College,329.0,313.0,369.0,1011.0,443.0,
447,Bloomsburg University of Pennsylvania,329.0,313.0,369.0,1011.0,443.0,
448,Indiana University of Pennsylvania,377.0,369.0,270.0,1016.0,449.0,
449,John Carroll,369.0,369.0,281.0,1019.0,450.0,
450,Wayne State (MI),369.0,369.0,281.0,1019.0,450.0,
451,Los Angeles State University,369.0,369.0,281.0,1019.0,450.0,
452,Bishop,369.0,369.0,281.0,1019.0,450.0,
453,Jefferson Davis Community College,283.0,369.0,369.0,1021.0,454.0,
454,Jefferson College,283.0,369.0,369.0,1021.0,454.0,
455,Lubbock Christian University,283.0,369.0,369.0,1021.0,454.0,
456,Mansfield University of Pennsylvania,283.0,369.0,369.0,1021.0,454.0,
457,Iowa Western Community College,283.0,369.0,369.0,1021.0,454.0,
458,Alvin Community College,283.0,369.0,369.0,1021.0,454.0,
459,Bellevue Community College,283.0,369.0,369.0,1021.0,454.0,
460,Juniata College,283.0,369.0,369.0,1021.0,454.0,
461,Kishwaukee College,283.0,369.0,369.0,1021.0,454.0,
462,Carlisle Indian Industrial School,283.0,369.0,369.0,1021.0,454.0,
463,Trinidad State Junior College,283.0,369.0,369.0,1021.0,454.0,
464,Santa Fe Community College,283.0,369.0,369.0,1021.0,454.0,
465,Saddleback College,283.0,369.0,369.0,1021.0,454.0,
466,University of North Florida,283.0,369.0,369.0,1021.0,454.0,
467,Erskine College,283.0,369.0,369.0,1021.0,454.0,
468,Diablo Valley College,283.0,369.0,369.0,1021.0,454.0,
469,County College of Morris,283.0,369.0,369.0,1021.0,454.0,
470,San Diego City College,283.0,369.0,369.0,1021.0,454.0,
471,Treasure Valley Community College,283.0,369.0,369.0,1021.0,454.0,
472,Triton College,283.0,369.0,369.0,1021.0,454.0,
473,Galveston College,283.0,369.0,369.0,1021.0,454.0,
474,Santa Rosa Junior College,283.0,369.0,369.0,1021.0,454.0,
475,St. Petersburg College,283.0,369.0,369.0,1021.0,454.0,
476,San Bernardino Valley College,283.0,369.0,369.0,1021.0,454.0,
477,St. Leo College,283.0,369.0,369.0,1021.0,454.0,
478,Guilford College,192.0,199.0,630.0,1021.0,479.0,
479,Marietta College,283.0,369.0,371.0,1023.0,480.0,
480,Gettysburg College,253.0,369.0,402.0,1024.0,481.0,
481,University of Tennessee at Martin,369.0,313.0,346.0,1028.0,482.0,Ohio Valley
482,Eastern New Mexico University,369.0,313.0,346.0,1028.0,482.0,
483,Long Beach City College,130.0,369.0,534.0,1033.0,484.0,
484,Tennessee Technological University,555.0,199.0,281.0,1035.0,485.0,Ohio Valley
485,George Washington University,732.0,104.0,202.0,1038.0,486.0,
486,Texas A&M University-Kingsville,555.0,369.0,117.0,1041.0,487.0,
487,Baldwin-Wallace,369.0,369.0,304.0,1042.0,488.0,
488,Coastal Carolina,369.0,369.0,304.0,1042.0,488.0,
489,Western Maryland University,369.0,369.0,304.0,1042.0,488.0,
490,Ashland,369.0,369.0,304.0,1042.0,488.0,
491,Compton CC (CA),369.0,369.0,304.0,1042.0,488.0,
492,Waynesburg,369.0,369.0,304.0,1042.0,488.0,
493,Southern Connecticut State University,369.0,369.0,304.0,1042.0,488.0,
494,Hardin-Simmons University,555.0,313.0,177.0,1045.0,495.0,
495,Barton County Community College,456.0,222.0,369.0,1047.0,496.0,
496,Bethune-Cookman College,456.0,222.0,369.0,1047.0,496.0,MEAC
497,Seward County Community College,369.0,313.0,369.0,1051.0,498.0,
498,Seattle Pacific University,369.0,313.0,369.0,1051.0,498.0,
499,Huntington University,369.0,313.0,369.0,1051.0,498.0,
500,Benedict College,369.0,313.0,369.0,1051.0,498.0,
501,Brigham Young University-Hawaii,369.0,313.0,369.0,1051.0,498.0,
502,Indiana University-Purdue,369.0,313.0,369.0,1051.0,498.0,
503,St. Francis College,369.0,313.0,369.0,1051.0,498.0,
504,Aurora University,369.0,313.0,369.0,1051.0,498.0,
505,Clark Atlanta University,369.0,313.0,369.0,1051.0,498.0,
506,State University of New York at Potsdam,369.0,313.0,369.0,1051.0,498.0,
507,State University of West Georgia,369.0,313.0,369.0,1051.0,498.0,
508,Lawrence Technological University,369.0,313.0,369.0,1051.0,498.0,
509,University of Missouri-Kansas City,369.0,313.0,369.0,1051.0,498.0,
510,Alliance College,369.0,313.0,369.0,1051.0,498.0,
511,Christopher Newport University,369.0,313.0,369.0,1051.0,498.0,
512,Trenton State University,369.0,313.0,369.0,1051.0,498.0,
513,Dakota Wesleyan University,369.0,313.0,369.0,1051.0,498.0,
514,King's College,369.0,313.0,369.0,1051.0,498.0,
515,Voorhees College,369.0,313.0,369.0,1051.0,498.0,
516,Augusta State University,369.0,313.0,369.0,1051.0,498.0,
517,Alabama - Huntsville,369.0,313.0,369.0,1051.0,498.0,
518,Westchester CC,369.0,313.0,369.0,1051.0,498.0,
519,Missouri State,369.0,313.0,369.0,1051.0,498.0,
520,University of Wisconsin,369.0,313.0,369.0,1051.0,498.0,
521,Friendship Junior College,369.0,313.0,369.0,1051.0,498.0,
522,University of Southern Colorado,369.0,313.0,369.0,1051.0,498.0,
523,New Mexico Institute of Mining and Technology,369.0,313.0,369.0,1051.0,498.0,
524,Hanover College,369.0,313.0,369.0,1051.0,498.0,
525,Molloy,369.0,313.0,369.0,1051.0,498.0,
526,University of Wisconsin at Parkside,369.0,313.0,369.0,1051.0,498.0,
527,University of California,369.0,313.0,369.0,1051.0,498.0,
528,Albertson College of Idaho,369.0,313.0,369.0,1051.0,498.0,
529,Pikeville College,369.0,313.0,369.0,1051.0,498.0,
530,University of Scranton,369.0,313.0,369.0,1051.0,498.0,
531,Westminster College of Pennsylvania,369.0,313.0,369.0,1051.0,498.0,
532,Westminster College of Utah,369.0,313.0,369.0,1051.0,498.0,
533,Queens College,369.0,313.0,369.0,1051.0,498.0,
534,Northwood Institute,369.0,313.0,369.0,1051.0,498.0,
535,Bethel College,369.0,313.0,369.0,1051.0,498.0,
536,Master's College,369.0,313.0,369.0,1051.0,498.0,
537,University of the District of Columbia,369.0,313.0,369.0,1051.0,498.0,
538,Wheeling Jesuit University,369.0,313.0,369.0,1051.0,498.0,
539,Acadia University,369.0,313.0,369.0,1051.0,498.0,
540,College of Saint Rose,369.0,313.0,369.0,1051.0,498.0,
541,Central State College,369.0,313.0,369.0,1051.0,498.0,
542,Saint Mary's University of Minnesota,369.0,313.0,369.0,1051.0,498.0,
543,Hiram Scott College,369.0,313.0,369.0,1051.0,498.0,
544,Central Missouri State University,369.0,313.0,371.0,1053.0,545.0,
545,Northwestern State University of Louisiana,555.0,369.0,129.0,1053.0,545.0,
546,Campbell University,377.0,313.0,369.0,1059.0,547.0,Pioneer
547,Siena College,377.0,313.0,369.0,1059.0,547.0,
548,Butler,369.0,369.0,322.0,1060.0,549.0,
549,SW Oklahoma State University,369.0,369.0,322.0,1060.0,549.0,
550,Phillips,369.0,369.0,322.0,1060.0,549.0,
551,Albany State University (GA),369.0,369.0,322.0,1060.0,549.0,
552,C.W. Post,369.0,369.0,322.0,1060.0,549.0,
553,Northern Michigan,369.0,369.0,322.0,1060.0,549.0,
554,St. Mary's (MN),369.0,369.0,322.0,1060.0,549.0,
555,Chowan,369.0,369.0,322.0,1060.0,549.0,
556,Angelina College,329.0,369.0,369.0,1067.0,557.0,
557,Bowdoin College,329.0,369.0,369.0,1067.0,557.0,
558,University of Maryland Baltimore,329.0,369.0,369.0,1067.0,557.0,
559,Austin College,329.0,369.0,369.0,1067.0,557.0,
560,California State University-Sacramento,329.0,369.0,369.0,1067.0,557.0,
561,Pensacola Junior College,329.0,369.0,369.0,1067.0,557.0,
562,Modesto Junior College,329.0,369.0,369.0,1067.0,557.0,
563,Santa Barbara City College,329.0,369.0,369.0,1067.0,557.0,
564,California State University-Dominguez Hills,329.0,369.0,369.0,1067.0,557.0,
565,Union University,329.0,369.0,369.0,1067.0,557.0,
566,Chaffey College,329.0,369.0,369.0,1067.0,557.0,
567,Texarkana College,329.0,369.0,369.0,1067.0,557.0,
568,Maryville College,329.0,369.0,369.0,1067.0,557.0,
569,Mississippi Gulf Coast Community College,329.0,369.0,369.0,1067.0,557.0,
570,Concordia College-Bronxville,329.0,369.0,369.0,1067.0,557.0,
571,Crowder College,329.0,369.0,369.0,1067.0,557.0,
572,College of the Canyons,329.0,369.0,369.0,1067.0,557.0,
573,Florida College,329.0,369.0,369.0,1067.0,557.0,
574,Compton Community College,329.0,369.0,369.0,1067.0,557.0,
575,Colby College,329.0,369.0,369.0,1067.0,557.0,
576,College of Southern Idaho,329.0,369.0,369.0,1067.0,557.0,
577,Samford University,456.0,369.0,242.0,1067.0,578.0,Southern
578,Georgia State University,369.0,249.0,449.0,1067.0,578.0,Sun Belt
579,St. Francis University,377.0,369.0,322.0,1068.0,580.0,
580,North Carolina A&T State University,555.0,369.0,152.0,1076.0,581.0,MEAC
581,San Francisco State University,456.0,369.0,253.0,1078.0,582.0,
582,Northwest Oklahoma State University,369.0,369.0,346.0,1084.0,583.0,
583,NE State (OK),369.0,369.0,346.0,1084.0,583.0,
584,University of Findlay,369.0,369.0,346.0,1084.0,583.0,
585,Gustavus Adolphus,369.0,369.0,346.0,1084.0,583.0,
586,Missouri Western State University,369.0,369.0,346.0,1084.0,583.0,
587,Southwestern (TX),369.0,369.0,346.0,1084.0,583.0,
588,Concordia-Moorhead (MN),369.0,369.0,346.0,1084.0,583.0,
589,Austin,369.0,369.0,346.0,1084.0,583.0,
590,California Lutheran,369.0,369.0,346.0,1084.0,583.0,
591,Morehouse College,369.0,313.0,402.0,1084.0,592.0,
592,Savannah State University,369.0,313.0,402.0,1084.0,592.0,MEAC
593,Cameron University,555.0,249.0,281.0,1085.0,594.0,
594,Muhlenberg College,555.0,249.0,281.0,1085.0,594.0,
595,Delaware State University,555.0,313.0,218.0,1086.0,596.0,MEAC
596,Occidental College,377.0,369.0,346.0,1092.0,597.0,
597,University of Texas at San Antonio,369.0,249.0,476.0,1094.0,598.0,C-USA
598,Swarthmore College,329.0,369.0,402.0,1100.0,599.0,
599,Montclair State University,329.0,369.0,402.0,1100.0,599.0,
600,Loyola University-Chicago,732.0,88.0,281.0,1101.0,601.0,
601,Oklahoma Baptist University,369.0,199.0,534.0,1102.0,602.0,
602,Northern Arizona University,732.0,222.0,148.0,1102.0,603.0,Big Sky
603,Towson University,456.0,369.0,281.0,1106.0,604.0,CAA
604,University of West Alabama,456.0,369.0,281.0,1106.0,604.0,
605,Northwest Missouri State University,456.0,369.0,281.0,1106.0,604.0,
606,University of West Georgia,369.0,369.0,371.0,1109.0,607.0,
607,Trinity (CT),369.0,369.0,371.0,1109.0,607.0,
608,St. Vincent,369.0,369.0,371.0,1109.0,607.0,
609,Western Ontario University,369.0,369.0,371.0,1109.0,607.0,
610,Iowa Central,369.0,369.0,371.0,1109.0,607.0,
611,Mankato State University,369.0,369.0,371.0,1109.0,607.0,
612,University of Wisconsin at Milwaukee,369.0,369.0,371.0,1109.0,607.0,
613,Augustana (SD),369.0,369.0,371.0,1109.0,607.0,
614,Schreiner College,369.0,369.0,371.0,1109.0,607.0,
615,University of Wisconsin at Superior,369.0,369.0,371.0,1109.0,607.0,
616,Beloit,369.0,369.0,371.0,1109.0,607.0,
617,Lawrence,369.0,369.0,371.0,1109.0,607.0,
618,Scranton,369.0,369.0,371.0,1109.0,607.0,
619,Clark (GA),369.0,369.0,371.0,1109.0,607.0,
620,State University Ambrose,369.0,369.0,371.0,1109.0,607.0,
621,University of Evansville,377.0,199.0,534.0,1110.0,622.0,
622,St. Edward's University,208.0,369.0,534.0,1111.0,623.0,
623,Trinity University,377.0,369.0,369.0,1115.0,624.0,
624,Three Rivers Community College,377.0,369.0,369.0,1115.0,624.0,
625,South Florida Community College,377.0,369.0,369.0,1115.0,624.0,
626,Mount Hood Community College,377.0,369.0,369.0,1115.0,624.0,
627,Spokane Falls Community College,377.0,369.0,369.0,1115.0,624.0,
628,Antelope Valley College,377.0,369.0,369.0,1115.0,624.0,
629,Phoenix College,377.0,369.0,369.0,1115.0,624.0,
630,Hutchinson Community College,377.0,369.0,369.0,1115.0,624.0,
631,Winthrop University,377.0,369.0,369.0,1115.0,624.0,
632,Southwestern Illinois College,377.0,369.0,369.0,1115.0,624.0,
633,McDaniel College,377.0,369.0,369.0,1115.0,624.0,
634,Millsaps College,377.0,369.0,369.0,1115.0,624.0,
635,Moorpark College,377.0,369.0,369.0,1115.0,624.0,
636,University of Mary Hardin-Baylor,377.0,369.0,369.0,1115.0,624.0,
637,Santa Monica College,377.0,369.0,369.0,1115.0,624.0,
638,Calhoun Community College,377.0,369.0,369.0,1115.0,624.0,
639,Seminole Community College,377.0,369.0,369.0,1115.0,624.0,
640,Bethany College,377.0,369.0,369.0,1115.0,624.0,
641,Bacone College,377.0,369.0,369.0,1115.0,624.0,
642,Foothill College,377.0,369.0,369.0,1115.0,624.0,
643,New Mexico Junior College,377.0,369.0,369.0,1115.0,624.0,
644,Tallahassee Community College,377.0,369.0,369.0,1115.0,624.0,
645,New York Institute of Technology,377.0,369.0,369.0,1115.0,624.0,
646,St. John's College,377.0,369.0,369.0,1115.0,624.0,
647,St. Xavier University,377.0,369.0,369.0,1115.0,624.0,
648,University of St. Thomas,377.0,369.0,369.0,1115.0,624.0,
649,Parkland College,377.0,369.0,369.0,1115.0,624.0,
650,Contra Costa College,377.0,369.0,369.0,1115.0,624.0,
651,DeAnza College,377.0,369.0,369.0,1115.0,624.0,
652,Lon Morris College,377.0,369.0,369.0,1115.0,624.0,
653,University of Arkansas-Fort Smith,377.0,369.0,369.0,1115.0,624.0,
654,Ventura College,377.0,369.0,369.0,1115.0,624.0,
655,West Valley College,377.0,369.0,369.0,1115.0,624.0,
656,Southern Illinois University-Edwardsville,377.0,369.0,369.0,1115.0,624.0,
657,Brookdale Community College,377.0,369.0,369.0,1115.0,624.0,
658,Chattahoochee Valley Community College,377.0,369.0,369.0,1115.0,624.0,
659,Lamar Community College,377.0,369.0,369.0,1115.0,624.0,
660,Cleveland State Community College,377.0,369.0,369.0,1115.0,624.0,
661,Fort Scott Community College,377.0,369.0,369.0,1115.0,624.0,
662,Winston-Salem State University,732.0,144.0,242.0,1118.0,663.0,
663,Stephen F. Austin State University,732.0,249.0,141.0,1122.0,664.0,Southland
664,Kentucky Wesleyan College,555.0,199.0,369.0,1123.0,665.0,
665,Rhodes College,283.0,369.0,476.0,1128.0,666.0,
666,University of Minnesota-Duluth,369.0,313.0,449.0,1131.0,667.0,
667,Yankton College,369.0,313.0,449.0,1131.0,667.0,
668,Chapman University,231.0,369.0,534.0,1134.0,669.0,
669,Case Western Reserve University,456.0,313.0,369.0,1138.0,670.0,
670,University of Rochester,456.0,313.0,369.0,1138.0,670.0,
671,Lincoln Memorial University,456.0,313.0,369.0,1138.0,670.0,
672,University of Puget Sound,456.0,313.0,369.0,1138.0,670.0,
673,Bloomsburg,369.0,369.0,402.0,1140.0,674.0,
674,Bethany (WV),369.0,369.0,402.0,1140.0,674.0,
675,East Central (OK),369.0,369.0,402.0,1140.0,674.0,
676,Kutztown Universtiy of Pennsylvania,369.0,369.0,402.0,1140.0,674.0,
677,Bowie State University,369.0,369.0,402.0,1140.0,674.0,
678,Muskingum,369.0,369.0,402.0,1140.0,674.0,
679,University of Wisconsin at Platteville,369.0,369.0,402.0,1140.0,674.0,
680,Colorado State-Pueblo,369.0,369.0,402.0,1140.0,674.0,
681,Adams State University,369.0,369.0,402.0,1140.0,674.0,
682,Chadron State University,369.0,369.0,402.0,1140.0,674.0,
683,Rochester,369.0,369.0,402.0,1140.0,674.0,
684,McMurry,369.0,369.0,402.0,1140.0,674.0,
685,Ohio Northern,369.0,369.0,402.0,1140.0,674.0,
686,Albright,369.0,369.0,402.0,1140.0,674.0,
687,U.S. International,369.0,369.0,402.0,1140.0,674.0,
688,Manchester,369.0,369.0,402.0,1140.0,674.0,
689,New Haven,369.0,369.0,402.0,1140.0,674.0,
690,Michigan Tech,369.0,369.0,402.0,1140.0,674.0,
691,Centre College,555.0,369.0,222.0,1146.0,692.0,
692,St. Lawrence University,329.0,369.0,449.0,1147.0,693.0,
693,Arkansas Tech University,456.0,369.0,322.0,1147.0,693.0,
694,Whittier College,377.0,369.0,402.0,1148.0,695.0,
695,University of Charleston,555.0,222.0,371.0,1148.0,696.0,
696,Salem International University,555.0,249.0,346.0,1150.0,697.0,
697,Wayne State University,555.0,249.0,346.0,1150.0,697.0,
698,University of Wisconsin at Eau Claire,369.0,249.0,534.0,1152.0,699.0,
699,University of California-Davis,555.0,369.0,231.0,1155.0,700.0,Big Sky
700,El Camino College,253.0,369.0,534.0,1156.0,701.0,
701,Hastings College,369.0,313.0,476.0,1158.0,702.0,
702,Robert Morris University,369.0,313.0,476.0,1158.0,702.0,Northeast
703,Geneva College,456.0,369.0,346.0,1171.0,704.0,
704,Grossmont College,172.0,369.0,630.0,1171.0,704.0,
705,Slippery Rock University of Pennsylvania,456.0,313.0,402.0,1171.0,706.0,
706,University of Central Arkansas,555.0,313.0,304.0,1172.0,707.0,Southland
707,Central State University,555.0,249.0,369.0,1173.0,708.0,
708,American University,555.0,249.0,369.0,1173.0,708.0,
709,Emporia State University,555.0,369.0,253.0,1177.0,710.0,
710,Parsons College,283.0,369.0,534.0,1186.0,711.0,
711,Iona College,377.0,179.0,630.0,1186.0,712.0,
712,New Mex. Mil. InState University,369.0,369.0,449.0,1187.0,713.0,
713,Nebraska Wesleyan,369.0,369.0,449.0,1187.0,713.0,
714,St. Olaf,369.0,369.0,449.0,1187.0,713.0,
715,St. Norbert,369.0,369.0,449.0,1187.0,713.0,
716,Allen,369.0,369.0,449.0,1187.0,713.0,
717,Fort Lewis,369.0,369.0,449.0,1187.0,713.0,
718,Fisk,369.0,369.0,449.0,1187.0,713.0,
719,Redlands,369.0,369.0,449.0,1187.0,713.0,
720,Benedictine,369.0,369.0,449.0,1187.0,713.0,
721,Macalester,369.0,369.0,449.0,1187.0,713.0,
722,Monmouth University,555.0,313.0,322.0,1190.0,723.0,Big South
723,Point Park University,456.0,369.0,369.0,1194.0,724.0,
724,Johns Hopkins University,456.0,369.0,369.0,1194.0,724.0,
725,Loyola University-New Orleans,456.0,369.0,369.0,1194.0,724.0,
726,University of Rio Grande,456.0,369.0,369.0,1194.0,724.0,
727,Southwest Tennessee Community College,456.0,369.0,369.0,1194.0,724.0,
728,Brigham Young University-Idaho,456.0,369.0,369.0,1194.0,724.0,
729,Union College,456.0,369.0,369.0,1194.0,724.0,
730,University of North Carolina at Asheville,456.0,369.0,369.0,1194.0,724.0,
731,South Mountain Community College,456.0,369.0,369.0,1194.0,724.0,
732,Butte College,456.0,369.0,369.0,1194.0,724.0,
733,Odessa College,456.0,369.0,369.0,1194.0,724.0,
734,Arizona Western College,456.0,369.0,369.0,1194.0,724.0,
735,Edison College,456.0,369.0,369.0,1194.0,724.0,
736,Charleston Southern University,456.0,369.0,369.0,1194.0,724.0,Big South
737,College of Eastern Utah,456.0,369.0,369.0,1194.0,724.0,
738,South Suburban College,456.0,369.0,369.0,1194.0,724.0,
739,Milligan College,456.0,369.0,369.0,1194.0,724.0,
740,Cornell College,456.0,369.0,369.0,1194.0,724.0,
741,Cowley County Community College,456.0,369.0,369.0,1194.0,724.0,
742,Nova Southeastern University,456.0,369.0,369.0,1194.0,724.0,
743,Cosumnes River College,456.0,369.0,369.0,1194.0,724.0,
744,St. Joseph's College,456.0,369.0,369.0,1194.0,724.0,
745,University of Connecticut at Avery Point,456.0,369.0,369.0,1194.0,724.0,
746,Vernon College,456.0,369.0,369.0,1194.0,724.0,
747,Cuesta College,456.0,369.0,369.0,1194.0,724.0,
748,Sacred Heart College,456.0,369.0,369.0,1194.0,724.0,
749,Monterey Peninsula College,456.0,369.0,369.0,1194.0,724.0,
750,Yakima Valley Community College,456.0,369.0,369.0,1194.0,724.0,
751,Buena Vista University,456.0,369.0,369.0,1194.0,724.0,
752,Susquehanna University,456.0,369.0,369.0,1194.0,724.0,
753,University of Central Missouri,456.0,369.0,369.0,1194.0,724.0,
754,University of Southern Indiana,456.0,369.0,369.0,1194.0,724.0,
755,Alvernia College,456.0,369.0,369.0,1194.0,724.0,
756,MiraCosta College,456.0,369.0,369.0,1194.0,724.0,
757,California University of Pennsylvania,456.0,369.0,369.0,1194.0,724.0,
758,Brewton-Parker College,456.0,369.0,369.0,1194.0,724.0,
759,Kalamazoo Valley Community College,456.0,369.0,369.0,1194.0,724.0,
760,Hillsborough Community College,456.0,369.0,369.0,1194.0,724.0,
761,Northern Kentucky University,456.0,369.0,369.0,1194.0,724.0,
762,Hinds Community College,456.0,369.0,369.0,1194.0,724.0,
763,Anderson College,456.0,369.0,369.0,1194.0,724.0,
764,Columbia Basin College,456.0,369.0,369.0,1194.0,724.0,
765,Pfeiffer University,456.0,369.0,369.0,1194.0,724.0,
766,Des Moines Area Community College,456.0,369.0,369.0,1194.0,724.0,
767,Roanoke College,456.0,369.0,369.0,1194.0,724.0,
768,Mercer County Community College,456.0,369.0,369.0,1194.0,724.0,
769,Philadelphia University,456.0,369.0,369.0,1194.0,724.0,
770,Kutztown University of Pennsylvania,456.0,369.0,369.0,1194.0,724.0,
771,Eckerd College,456.0,369.0,369.0,1194.0,724.0,
772,Trinity College,456.0,369.0,369.0,1194.0,724.0,
773,Cuyahoga Community College,456.0,369.0,369.0,1194.0,724.0,
774,Monroe Community College,456.0,369.0,369.0,1194.0,724.0,
775,University of California-San Diego,456.0,369.0,369.0,1194.0,724.0,
776,Sonoma State University,456.0,369.0,369.0,1194.0,724.0,
777,John A Logan College,456.0,369.0,369.0,1194.0,724.0,
778,St. Johns River Community College,456.0,369.0,369.0,1194.0,724.0,
779,Lenoir-Rhyne College,377.0,369.0,449.0,1195.0,780.0,
780,Newberry College,456.0,369.0,371.0,1196.0,781.0,
781,Angelo State University,555.0,369.0,281.0,1205.0,782.0,
782,Howard Payne University,555.0,369.0,281.0,1205.0,782.0,
783,West Virginia State University,555.0,249.0,402.0,1206.0,784.0,
784,Pacific University,732.0,369.0,109.0,1210.0,785.0,
785,Carleton,369.0,369.0,476.0,1214.0,786.0,
786,Fairmont State University,369.0,369.0,476.0,1214.0,786.0,
787,North Central,369.0,369.0,476.0,1214.0,786.0,
788,Regina (Canada),369.0,369.0,476.0,1214.0,786.0,
789,Northern State Univ.,369.0,369.0,476.0,1214.0,786.0,
790,Kings Point,369.0,369.0,476.0,1214.0,786.0,
791,Stillman,369.0,369.0,476.0,1214.0,786.0,
792,Azusa Pacific,369.0,369.0,476.0,1214.0,786.0,
793,Western State (CO),369.0,369.0,476.0,1214.0,786.0,
794,Millersville,369.0,369.0,476.0,1214.0,786.0,
795,California State University-Hayward,369.0,369.0,476.0,1214.0,786.0,
796,Augsburg,369.0,369.0,476.0,1214.0,786.0,
797,McGill,369.0,369.0,476.0,1214.0,786.0,
798,Baker,369.0,369.0,476.0,1214.0,786.0,
799,Westminster (PA),369.0,369.0,476.0,1214.0,786.0,
800,Loyola Univerity-New Orleans,369.0,369.0,476.0,1214.0,786.0,
801,University at Albany,369.0,369.0,476.0,1214.0,786.0,CAA
802,Manitoba,369.0,369.0,476.0,1214.0,786.0,
803,Lindenwood University,369.0,369.0,476.0,1214.0,786.0,
804,St. Joseph's (PA),369.0,369.0,476.0,1214.0,786.0,
805,St. Joseph's (IN),369.0,369.0,476.0,1214.0,786.0,
806,Birmingham-Southern,369.0,369.0,476.0,1214.0,786.0,
807,Livingstone,369.0,369.0,476.0,1214.0,786.0,
808,St. John's (MN),369.0,369.0,476.0,1214.0,786.0,
809,Illinois Tech,369.0,369.0,476.0,1214.0,786.0,
810,British Columbia,369.0,369.0,476.0,1214.0,786.0,
811,Canisius College,732.0,114.0,369.0,1215.0,812.0,
812,Bemidji State University,369.0,313.0,534.0,1216.0,813.0,
813,Marist College,369.0,313.0,534.0,1216.0,813.0,Pioneer
814,Drexel University,369.0,222.0,630.0,1221.0,815.0,
815,Minnesota State University-Mankato,377.0,369.0,476.0,1222.0,816.0,
816,West Liberty State College,377.0,369.0,476.0,1222.0,816.0,
817,Linfield College,456.0,369.0,402.0,1227.0,818.0,
818,East Stroudsburg University of Pennsylvania,456.0,369.0,402.0,1227.0,818.0,
819,Northeast Oklahoma A&M College,456.0,369.0,402.0,1227.0,818.0,
820,Tarleton State University,555.0,369.0,304.0,1228.0,821.0,
821,Wabash College,555.0,369.0,304.0,1228.0,821.0,
822,Westminster College,329.0,369.0,534.0,1232.0,823.0,
823,Texas Wesleyan University,555.0,313.0,369.0,1237.0,824.0,
824,High Point University,555.0,313.0,369.0,1237.0,824.0,
825,Ashland University,555.0,313.0,369.0,1237.0,824.0,
826,University of Hartford,555.0,313.0,369.0,1237.0,824.0,
827,Southeastern Illinois College,555.0,313.0,369.0,1237.0,824.0,
828,Belmont University,555.0,313.0,369.0,1237.0,824.0,
829,Humboldt State University,555.0,313.0,371.0,1239.0,830.0,
830,Brooklyn College-The City University of New York,456.0,249.0,534.0,1239.0,830.0,
831,Morningside College,555.0,369.0,322.0,1246.0,832.0,
832,Virginia State University,555.0,369.0,322.0,1246.0,832.0,
833,University at Buffalo,732.0,313.0,202.0,1247.0,834.0,MAC
834,Los Angeles City College,253.0,369.0,630.0,1252.0,835.0,
835,Laney College,253.0,369.0,630.0,1252.0,835.0,
836,Loyola College in Maryland,377.0,249.0,630.0,1256.0,837.0,
837,North Dakota State University,732.0,369.0,169.0,1270.0,838.0,Missouri Valley
838,Ouachita Baptist University,555.0,313.0,402.0,1270.0,839.0,
839,Knoxville,369.0,369.0,534.0,1272.0,840.0,
840,Delaware Valley,369.0,369.0,534.0,1272.0,840.0,
841,Arnold,369.0,369.0,534.0,1272.0,840.0,
842,Colorado School of the Mines,369.0,369.0,534.0,1272.0,840.0,
843,Bridgeport,369.0,369.0,534.0,1272.0,840.0,
844,Colorado Col.,369.0,369.0,534.0,1272.0,840.0,
845,University of Wisconsin at Stout,369.0,369.0,534.0,1272.0,840.0,
846,Central College (IA),369.0,369.0,534.0,1272.0,840.0,
847,Augustana (IL),369.0,369.0,534.0,1272.0,840.0,
848,EaState University Montana,369.0,369.0,534.0,1272.0,840.0,
849,Jamestown,369.0,369.0,534.0,1272.0,840.0,
850,Washington (MD),369.0,369.0,534.0,1272.0,840.0,
851,Defiance,369.0,369.0,534.0,1272.0,840.0,
852,Tennessee Wesleyan,369.0,369.0,534.0,1272.0,840.0,
853,Peru State University,369.0,369.0,534.0,1272.0,840.0,
854,Minot State University,369.0,369.0,534.0,1272.0,840.0,
855,Christian Brothers (MO),369.0,369.0,534.0,1272.0,840.0,
856,CCNY,369.0,369.0,534.0,1272.0,840.0,
857,Concordia (QB),369.0,369.0,534.0,1272.0,840.0,
858,Santa Monica College (CA),369.0,369.0,534.0,1272.0,840.0,
859,Trinity Valley CC (TX),369.0,369.0,534.0,1272.0,840.0,
860,Evangel (MO),369.0,369.0,534.0,1272.0,840.0,
861,Bates,369.0,369.0,534.0,1272.0,840.0,
862,Ark-Monticello,369.0,369.0,534.0,1272.0,840.0,
863,Culver-Stockton,369.0,369.0,534.0,1272.0,840.0,
864,Union (NY),369.0,369.0,534.0,1272.0,840.0,
865,Union (TN),369.0,369.0,534.0,1272.0,840.0,
866,Southwestern (KS),369.0,369.0,534.0,1272.0,840.0,
867,Anderson (IN),369.0,369.0,534.0,1272.0,840.0,
868,Queens (Canada),369.0,369.0,534.0,1272.0,840.0,
869,Butte JC (CA),369.0,369.0,534.0,1272.0,840.0,
870,University of Sioux Falls,369.0,369.0,534.0,1272.0,840.0,
871,Pacific Lutheran,369.0,369.0,534.0,1272.0,840.0,
872,Millsaps,369.0,369.0,534.0,1272.0,840.0,
873,Franklin (IN),369.0,369.0,534.0,1272.0,840.0,
874,Graceland College (IA),369.0,369.0,534.0,1272.0,840.0,
875,St. Mary's (Canada),369.0,369.0,534.0,1272.0,840.0,
876,St. Mary's (KS),369.0,369.0,534.0,1272.0,840.0,
877,Oglethorpe,369.0,369.0,534.0,1272.0,840.0,
878,Doane,369.0,369.0,534.0,1272.0,840.0,
879,St. Mary's (TX),369.0,369.0,534.0,1272.0,840.0,
880,Col. of Emporia,369.0,369.0,534.0,1272.0,840.0,
881,Moorhead State (MN),369.0,369.0,534.0,1272.0,840.0,
882,SE Oklahoma State University,369.0,369.0,534.0,1272.0,840.0,
883,Montana Tech,369.0,369.0,534.0,1272.0,840.0,
884,Pacific (OR),369.0,369.0,534.0,1272.0,840.0,
885,Calgary,369.0,369.0,534.0,1272.0,840.0,
886,Monmouth (IL),369.0,369.0,534.0,1272.0,840.0,
887,Albion College,369.0,369.0,534.0,1272.0,840.0,
888,Puget Sound,369.0,369.0,534.0,1272.0,840.0,
889,Sherman Indian,369.0,369.0,534.0,1272.0,840.0,
890,Coe College,369.0,369.0,534.0,1272.0,840.0,
891,Allegheny,369.0,369.0,534.0,1272.0,840.0,
892,Simon Fraser,369.0,369.0,534.0,1272.0,840.0,
893,Brockport State University,369.0,369.0,534.0,1272.0,840.0,
894,Southern Oregon,369.0,369.0,534.0,1272.0,840.0,
895,Ottawa (KS),369.0,369.0,534.0,1272.0,840.0,
896,Oregon Tech,369.0,369.0,534.0,1272.0,840.0,
897,West Virginia Tech,369.0,369.0,534.0,1272.0,840.0,
898,Ohio Wesleyan University,329.0,313.0,630.0,1272.0,899.0,
899,Weber State College,732.0,369.0,172.0,1273.0,900.0,
900,Ursinus College,456.0,369.0,449.0,1274.0,901.0,
901,University of Central Oklahoma,732.0,313.0,231.0,1276.0,902.0,
902,Dickinson College,377.0,369.0,534.0,1280.0,903.0,
903,St. Anselm College,377.0,369.0,534.0,1280.0,903.0,
904,St. Viator College,377.0,369.0,534.0,1280.0,903.0,
905,Mississippi Delta Community College,283.0,369.0,630.0,1282.0,906.0,
906,Bates College,555.0,369.0,369.0,1293.0,907.0,
907,Faulkner University,555.0,369.0,369.0,1293.0,907.0,
908,Bellevue University,555.0,369.0,369.0,1293.0,907.0,
909,Westmont College,555.0,369.0,369.0,1293.0,907.0,
910,Wharton County Junior College,555.0,369.0,369.0,1293.0,907.0,
911,Rutherford College,555.0,369.0,369.0,1293.0,907.0,
912,Concordia Theological Seminary,555.0,369.0,369.0,1293.0,907.0,
913,Concordia University-St. Paul,555.0,369.0,369.0,1293.0,907.0,
914,Faulkner State College,555.0,369.0,369.0,1293.0,907.0,
915,Cabrillo College,555.0,369.0,369.0,1293.0,907.0,
916,Dutchess Community College,555.0,369.0,369.0,1293.0,907.0,
917,University of Maryland-Baltimore County,555.0,369.0,369.0,1293.0,907.0,
918,Southwestern College,555.0,369.0,369.0,1293.0,907.0,
919,Spring Hill College,555.0,369.0,369.0,1293.0,907.0,
920,Southern Union State Community College,555.0,369.0,369.0,1293.0,907.0,
921,St. Clair County Community College,555.0,369.0,369.0,1293.0,907.0,
922,East Central College,555.0,369.0,369.0,1293.0,907.0,
923,St. Joseph's University,555.0,369.0,369.0,1293.0,907.0,
924,University of North Carolina at Greensboro,555.0,369.0,369.0,1293.0,907.0,
925,Dominican College,555.0,369.0,369.0,1293.0,907.0,
926,Dixie State College of Utah,555.0,369.0,369.0,1293.0,907.0,
927,Columbia State Community College,555.0,369.0,369.0,1293.0,907.0,
928,Eastern Connecticut State University,555.0,369.0,369.0,1293.0,907.0,
929,St. Peter's College,555.0,369.0,369.0,1293.0,907.0,
930,Sierra College,555.0,369.0,369.0,1293.0,907.0,
931,Enterprise-Ozark Community College,555.0,369.0,369.0,1293.0,907.0,
932,State University of New York at Cortland,555.0,369.0,369.0,1293.0,907.0,
933,University of Mobile,555.0,369.0,369.0,1293.0,907.0,
934,Eastfield College,555.0,369.0,369.0,1293.0,907.0,
935,Dean College,555.0,369.0,369.0,1293.0,907.0,
936,Tennessee Wesleyan College,555.0,369.0,369.0,1293.0,907.0,
937,Community College of Rhode Island,555.0,369.0,369.0,1293.0,907.0,
938,The Master's College,555.0,369.0,369.0,1293.0,907.0,
939,Transylvania University,555.0,369.0,369.0,1293.0,907.0,
940,Armstrong Atlantic State University,555.0,369.0,369.0,1293.0,907.0,
941,University of Massachusetts Lowell,555.0,369.0,369.0,1293.0,907.0,
942,Emory and Henry College,555.0,369.0,369.0,1293.0,907.0,
943,Birmingham-Southern College,555.0,369.0,369.0,1293.0,907.0,
944,Biola University,555.0,369.0,369.0,1293.0,907.0,
945,Salt Lake Community College,555.0,369.0,369.0,1293.0,907.0,
946,Suffolk County Community College,555.0,369.0,369.0,1293.0,907.0,
947,Scottsdale Community College,555.0,369.0,369.0,1293.0,907.0,
948,Florida Gulf Coast University,555.0,369.0,369.0,1293.0,907.0,
949,Barry University,555.0,369.0,369.0,1293.0,907.0,
950,Cochise Community College,555.0,369.0,369.0,1293.0,907.0,
951,Merritt College,555.0,369.0,369.0,1293.0,907.0,
952,Concordia College-Moorhead,555.0,369.0,369.0,1293.0,907.0,
953,California State University-Stanislaus,555.0,369.0,369.0,1293.0,907.0,
954,Mercy College,555.0,369.0,369.0,1293.0,907.0,
955,University of the South,555.0,369.0,369.0,1293.0,907.0,
956,Miami-Dade College,555.0,369.0,369.0,1293.0,907.0,
957,Aquinas College,555.0,369.0,369.0,1293.0,907.0,
958,Hope College,555.0,369.0,369.0,1293.0,907.0,
959,Maple Woods Community College,555.0,369.0,369.0,1293.0,907.0,
960,Lynchburg College,555.0,369.0,369.0,1293.0,907.0,
961,Lower Columbia College,555.0,369.0,369.0,1293.0,907.0,
962,Illinois College,555.0,369.0,369.0,1293.0,907.0,
963,Louisiana College,555.0,369.0,369.0,1293.0,907.0,
964,College of Marin,555.0,369.0,369.0,1293.0,907.0,
965,Wabash Valley College,555.0,369.0,369.0,1293.0,907.0,
966,Onondaga Community College,555.0,369.0,369.0,1293.0,907.0,
967,Harry S Truman College,555.0,369.0,369.0,1293.0,907.0,
968,Northwestern Oklahoma State University,555.0,369.0,369.0,1293.0,907.0,
969,North Florida Community College,555.0,369.0,369.0,1293.0,907.0,
970,North Central Texas College,555.0,369.0,369.0,1293.0,907.0,
971,University of West Florida,555.0,369.0,369.0,1293.0,907.0,
972,Green River Community College,555.0,369.0,369.0,1293.0,907.0,
973,West Los Angeles College,555.0,369.0,369.0,1293.0,907.0,
974,Olivet Nazarene University,555.0,369.0,369.0,1293.0,907.0,
975,Muskingum College,555.0,369.0,369.0,1293.0,907.0,
976,Mount Olive College,555.0,369.0,369.0,1293.0,907.0,
977,Hagerstown Community College,555.0,369.0,369.0,1293.0,907.0,
978,West Kentucky Community and Technical College,555.0,369.0,369.0,1293.0,907.0,
979,University of Tennessee Health Science Center,555.0,369.0,369.0,1293.0,907.0,
980,Montreat College,555.0,369.0,369.0,1293.0,907.0,
981,West Hills College,555.0,369.0,369.0,1293.0,907.0,
982,Mount Vernon Nazarene University,555.0,369.0,369.0,1293.0,907.0,
983,Coastal Bend College,555.0,369.0,369.0,1293.0,907.0,
984,Pearl River Community College,555.0,369.0,369.0,1293.0,907.0,
985,Northwest Mississippi Community College,555.0,369.0,369.0,1293.0,907.0,
986,Ramapo College,555.0,369.0,369.0,1293.0,907.0,
987,Reedley College,555.0,369.0,369.0,1293.0,907.0,
988,Lee College,555.0,369.0,369.0,1293.0,907.0,
989,Lassen College,555.0,369.0,369.0,1293.0,907.0,
990,Quinsigamond Community College,555.0,369.0,369.0,1293.0,907.0,
991,Lake Land College,555.0,369.0,369.0,1293.0,907.0,
992,Quincy University,555.0,369.0,369.0,1293.0,907.0,
993,Lewis and Clark College,555.0,369.0,369.0,1293.0,907.0,
994,Alma College,555.0,369.0,369.0,1293.0,907.0,
995,Itawamba Community College,555.0,369.0,369.0,1293.0,907.0,
996,California Lutheran University,555.0,369.0,369.0,1293.0,907.0,
997,Radford University,555.0,369.0,369.0,1293.0,907.0,
998,LaSalle University,555.0,369.0,369.0,1293.0,907.0,
999,Florida Gateway College,555.0,369.0,369.0,1293.0,907.0,
1000,Kirkwood Community College,555.0,369.0,369.0,1293.0,907.0,
1001,California State University-East Bay,555.0,369.0,369.0,1293.0,907.0,
1002,Polk Community College,555.0,369.0,369.0,1293.0,907.0,
1003,Lipscomb University,555.0,369.0,369.0,1293.0,907.0,
1004,Rio Hondo College,555.0,369.0,369.0,1293.0,907.0,
1005,Point Loma Nazarene University,555.0,369.0,369.0,1293.0,907.0,
1006,Kingsborough Community College,555.0,369.0,369.0,1293.0,907.0,
1007,King College,555.0,369.0,369.0,1293.0,907.0,
1008,Chattanooga State Technical Community College,555.0,369.0,369.0,1293.0,907.0,
1009,Kansas City Kansas Community College,555.0,369.0,369.0,1293.0,907.0,
1010,Clarendon College,555.0,369.0,369.0,1293.0,907.0,
1011,College of the Siskiyous,555.0,369.0,369.0,1293.0,907.0,
1012,Vanguard University of Southern California,555.0,369.0,369.0,1293.0,907.0,
1013,Texas A&M University-Commerce,732.0,369.0,194.0,1295.0,1014.0,
1014,Butler County Community College,732.0,199.0,369.0,1300.0,1015.0,
1015,Knox College,456.0,369.0,476.0,1301.0,1016.0,
1016,Hampden-Sydney College,456.0,369.0,476.0,1301.0,1016.0,
1017,Seattle University,555.0,120.0,630.0,1305.0,1018.0,
1018,Miles College,369.0,313.0,630.0,1312.0,1019.0,
1019,University of Wisconsin at River Falls,369.0,313.0,630.0,1312.0,1019.0,
1020,Northwestern State University,369.0,313.0,630.0,1312.0,1019.0,Southland
1021,California Western Uiversity,369.0,313.0,630.0,1312.0,1019.0,
1022,Assumption College,369.0,313.0,630.0,1312.0,1019.0,
1023,North Park University,369.0,313.0,630.0,1312.0,1019.0,
1024,New Mexico Highlands University,732.0,313.0,270.0,1315.0,1025.0,
1025,LeMoyne-Owen College,732.0,222.0,369.0,1323.0,1026.0,
1026,Haskell Indian Nations University,732.0,369.0,222.0,1323.0,1026.0,
1027,Thomas More College,732.0,222.0,369.0,1323.0,1026.0,
1028,California State University-Chico,555.0,369.0,402.0,1326.0,1029.0,
1029,Central Florida Community College,329.0,369.0,630.0,1328.0,1030.0,
1030,Valencia Community College,329.0,369.0,630.0,1328.0,1030.0,
1031,Central Connecticut State University,456.0,249.0,630.0,1335.0,1032.0,Northeast
1032,University of Nebraska at Omaha,732.0,369.0,242.0,1343.0,1033.0,
1033,University of Wisconsin at Stevens Point,555.0,313.0,476.0,1344.0,1034.0,
1034,Wofford College,555.0,313.0,476.0,1344.0,1034.0,Southern
1035,University of Illinois at Chicago,732.0,249.0,369.0,1350.0,1036.0,
1036,United States Naval Academy,732.0,249.0,369.0,1350.0,1036.0,
1037,University of South Carolina Upstate,732.0,249.0,369.0,1350.0,1036.0,
1038,Wilberforce University,732.0,249.0,369.0,1350.0,1036.0,
1039,Oakland University,732.0,249.0,369.0,1350.0,1036.0,
1040,Lock Haven University of Pennsylvania,456.0,369.0,534.0,1359.0,1041.0,
1041,Missouri Valley College,456.0,369.0,534.0,1359.0,1041.0,
1042,Long Island University-Brooklyn Campus,456.0,369.0,534.0,1359.0,1041.0,
1043,Rose-Hulman Institute of Technology,456.0,369.0,534.0,1359.0,1041.0,
1044,Pittsburg State University,732.0,369.0,261.0,1362.0,1045.0,
1045,Urbana,369.0,369.0,630.0,1368.0,1046.0,
1046,Mary Hardin-Baylor,369.0,369.0,630.0,1368.0,1046.0,
1047,American International College,369.0,369.0,630.0,1368.0,1046.0,
1048,Philander Smith,369.0,369.0,630.0,1368.0,1046.0,
1049,Bluffton,369.0,369.0,630.0,1368.0,1046.0,
1050,ITESM Monterey,369.0,369.0,630.0,1368.0,1046.0,
1051,Tusculum,369.0,369.0,630.0,1368.0,1046.0,
1052,General Motors Institute,369.0,369.0,630.0,1368.0,1046.0,
1053,Tyler JC,369.0,369.0,630.0,1368.0,1046.0,
1054,Phoenix College (JC),369.0,369.0,630.0,1368.0,1046.0,
1055,Illinois Benedictine,369.0,369.0,630.0,1368.0,1046.0,
1056,Santa Rosa JC,369.0,369.0,630.0,1368.0,1046.0,
1057,American College of Physical Education,369.0,369.0,630.0,1368.0,1046.0,
1058,Pierce College (CA),369.0,369.0,630.0,1368.0,1046.0,
1059,Univ. of the South,369.0,369.0,630.0,1368.0,1046.0,
1060,Dakota Wesleyan,369.0,369.0,630.0,1368.0,1046.0,
1061,Saskatchewan,369.0,369.0,630.0,1368.0,1046.0,
1062,Western Nebraska CC-Scottsbluff,369.0,369.0,630.0,1368.0,1046.0,
1063,Holy Cross (IN),369.0,369.0,630.0,1368.0,1046.0,
1064,Taylor,369.0,369.0,630.0,1368.0,1046.0,
1065,Austria Technical,369.0,369.0,630.0,1368.0,1046.0,
1066,Mesa State University,369.0,369.0,630.0,1368.0,1046.0,
1067,Western Montana University,369.0,369.0,630.0,1368.0,1046.0,
1068,Deakin (Australia),369.0,369.0,630.0,1368.0,1046.0,
1069,University of Pretoria,369.0,369.0,630.0,1368.0,1046.0,
1070,Park,369.0,369.0,630.0,1368.0,1046.0,
1071,University of Minnesota-Crookston,369.0,369.0,630.0,1368.0,1046.0,
1072,Brandeis,369.0,369.0,630.0,1368.0,1046.0,
1073,Earlham,369.0,369.0,630.0,1368.0,1046.0,
1074,Apprentice,369.0,369.0,630.0,1368.0,1046.0,
1075,Paul Quinn,369.0,369.0,630.0,1368.0,1046.0,
1076,Tiffin,369.0,369.0,630.0,1368.0,1046.0,
1077,Toronto,369.0,369.0,630.0,1368.0,1046.0,
1078,McPherson,369.0,369.0,630.0,1368.0,1046.0,
1079,Dana,369.0,369.0,630.0,1368.0,1046.0,
1080,Western New Mexico University,369.0,369.0,630.0,1368.0,1046.0,
1081,Edinboro,369.0,369.0,630.0,1368.0,1046.0,
1082,Bliss,369.0,369.0,630.0,1368.0,1046.0,
1083,Contra Costa JC,369.0,369.0,630.0,1368.0,1046.0,
1084,Allentown College,369.0,369.0,630.0,1368.0,1046.0,
1085,Sacred Heart University,369.0,369.0,630.0,1368.0,1046.0,Northeast
1086,Concordia-State UniversityPaul (MN),369.0,369.0,630.0,1368.0,1046.0,
1087,Arkansas A&M,369.0,369.0,630.0,1368.0,1046.0,
1088,La Verne,369.0,369.0,630.0,1368.0,1046.0,
1089,Bentley College,369.0,369.0,630.0,1368.0,1046.0,
1090,Rider,369.0,369.0,630.0,1368.0,1046.0,
1091,Wake Technical CC,369.0,369.0,630.0,1368.0,1046.0,
1092,Rutgers-Camden,369.0,369.0,630.0,1368.0,1046.0,
1093,Belgrade,369.0,369.0,630.0,1368.0,1046.0,
1094,King Alfred's (England),369.0,369.0,630.0,1368.0,1046.0,
1095,Rust,369.0,369.0,630.0,1368.0,1046.0,
1096,Rocky Mountain,369.0,369.0,630.0,1368.0,1046.0,
1097,Westminster (UT),369.0,369.0,630.0,1368.0,1046.0,
1098,Rensselaer Polytechnic Institute,369.0,369.0,630.0,1368.0,1046.0,
1099,Bethany (KS),369.0,369.0,630.0,1368.0,1046.0,
1100,Alma,369.0,369.0,630.0,1368.0,1046.0,
1101,Clinch Valley,369.0,369.0,630.0,1368.0,1046.0,
1102,University of Alberta,369.0,369.0,630.0,1368.0,1046.0,
1103,Concordia (WI),369.0,369.0,630.0,1368.0,1046.0,
1104,Edward Waters,369.0,369.0,630.0,1368.0,1046.0,
1105,Bakersfield JC,369.0,369.0,630.0,1368.0,1046.0,
1106,Pittsburgh-Johnstown,369.0,369.0,630.0,1368.0,1046.0,
1107,Cortland State University,369.0,369.0,630.0,1368.0,1046.0,
1108,Plymouth State University,369.0,369.0,630.0,1368.0,1046.0,
1109,Elmhurst,369.0,369.0,630.0,1368.0,1046.0,
1110,Alfred,369.0,369.0,630.0,1368.0,1046.0,
1111,Corpus Christi,369.0,369.0,630.0,1368.0,1046.0,
1112,Salisbury,369.0,369.0,630.0,1368.0,1046.0,
1113,Principia,369.0,369.0,630.0,1368.0,1046.0,
1114,Itawamba JC,369.0,369.0,630.0,1368.0,1046.0,
1115,California State University-Bakersfield,369.0,369.0,630.0,1368.0,1046.0,
1116,Weber JC,369.0,369.0,630.0,1368.0,1046.0,
1117,Sherbrooke,369.0,369.0,630.0,1368.0,1046.0,
1118,St. Paul's,369.0,369.0,630.0,1368.0,1046.0,
1119,Franklin (OH),369.0,369.0,630.0,1368.0,1046.0,
1120,Newport (Wales),369.0,369.0,630.0,1368.0,1046.0,
1121,Shreiner College,369.0,369.0,630.0,1368.0,1046.0,
1122,Col. of the Sequoias,369.0,369.0,630.0,1368.0,1046.0,
1123,Wesleyan,369.0,369.0,630.0,1368.0,1046.0,
1124,New York Tech,369.0,369.0,630.0,1368.0,1046.0,
1125,Frederick College,369.0,369.0,630.0,1368.0,1046.0,
1126,Fullerton JC,369.0,369.0,630.0,1368.0,1046.0,
1127,Missouri S&T University,369.0,369.0,630.0,1368.0,1046.0,
1128,Col. of Idaho,369.0,369.0,630.0,1368.0,1046.0,
1129,St. Edward's,369.0,369.0,630.0,1368.0,1046.0,
1130,NE Illinois,369.0,369.0,630.0,1368.0,1046.0,
1131,Antelope Valley JC,369.0,369.0,630.0,1368.0,1046.0,
1132,Mount State University Mary's,369.0,369.0,630.0,1368.0,1046.0,
1133,Mount Senario,369.0,369.0,630.0,1368.0,1046.0,
1134,Tabor,369.0,369.0,630.0,1368.0,1046.0,
1135,Western Colorado University,369.0,369.0,630.0,1368.0,1046.0,
1136,Moriane Valley CC (IL),369.0,369.0,630.0,1368.0,1046.0,
1137,Rose State University,369.0,369.0,630.0,1368.0,1046.0,
1138,Campion,369.0,369.0,630.0,1368.0,1046.0,
1139,Buena Vista,369.0,369.0,630.0,1368.0,1046.0,
1140,Carroll (MT),369.0,369.0,630.0,1368.0,1046.0,
1141,Albany State (GA),369.0,369.0,630.0,1368.0,1046.0,
1142,Miramonte JC,369.0,369.0,630.0,1368.0,1046.0,
1143,St. Edmonds,369.0,369.0,630.0,1368.0,1046.0,
1144,Geneseo State University,369.0,369.0,630.0,1368.0,1046.0,
1145,Northland (WI),369.0,369.0,630.0,1368.0,1046.0,
1146,Hibbing CC (MN),369.0,369.0,630.0,1368.0,1046.0,
1147,Northern Virginia CC,369.0,369.0,630.0,1368.0,1046.0,
1148,Augusta State (GA),369.0,369.0,630.0,1368.0,1046.0,
1149,Spring Hill,369.0,369.0,630.0,1368.0,1046.0,
1150,Anahuac (Mexico),369.0,369.0,630.0,1368.0,1046.0,
1151,Winona State University,369.0,369.0,630.0,1368.0,1046.0,
1152,Worcester State University,369.0,369.0,630.0,1368.0,1046.0,
1153,Northwood College,369.0,369.0,630.0,1368.0,1046.0,
1154,North Dakota-Ellendale,369.0,369.0,630.0,1368.0,1046.0,
1155,Still,369.0,369.0,630.0,1368.0,1046.0,
1156,Henderson JC,369.0,369.0,630.0,1368.0,1046.0,
1157,North (MI),369.0,369.0,630.0,1368.0,1046.0,
1158,Milton,369.0,369.0,630.0,1368.0,1046.0,
1159,Amherst,369.0,369.0,630.0,1368.0,1046.0,
1160,Minnesota-Crookston,369.0,369.0,630.0,1368.0,1046.0,
1161,DuPage (IL),369.0,369.0,630.0,1368.0,1046.0,
1162,St. Bernard,369.0,369.0,630.0,1368.0,1046.0,
1163,Detroit Tech,369.0,369.0,630.0,1368.0,1046.0,
1164,University of Dubuque,555.0,369.0,449.0,1373.0,1165.0,
1165,Norwich University,555.0,369.0,449.0,1373.0,1165.0,
1166,Kalamazoo College,555.0,369.0,449.0,1373.0,1165.0,
1167,Hobart and William Smith Colleges,555.0,369.0,449.0,1373.0,1165.0,
1168,Oberlin College,377.0,369.0,630.0,1376.0,1169.0,
1169,Saginaw Valley State University,732.0,369.0,281.0,1382.0,1170.0,
1170,Davis & Elkins College,732.0,313.0,346.0,1391.0,1171.0,
1171,Luther College,555.0,369.0,476.0,1400.0,1172.0,
1172,Menlo College,555.0,369.0,476.0,1400.0,1172.0,
1173,William Penn University,555.0,369.0,476.0,1400.0,1172.0,
1174,Central Washington University,555.0,369.0,476.0,1400.0,1172.0,
1175,Wingate University,555.0,313.0,534.0,1402.0,1176.0,
1176,Hiram College,555.0,313.0,534.0,1402.0,1176.0,
1177,Ripon College,732.0,369.0,304.0,1405.0,1178.0,
1178,Henderson State University,732.0,369.0,304.0,1405.0,1178.0,
1179,Denison University,732.0,369.0,304.0,1405.0,1178.0,
1180,Tyler Junior College,732.0,313.0,369.0,1414.0,1181.0,
1181,University of Bridgeport,732.0,313.0,369.0,1414.0,1181.0,
1182,University of Baltimore,732.0,313.0,369.0,1414.0,1181.0,
1183,Fairfield University,732.0,313.0,369.0,1414.0,1181.0,
1184,Houston Baptist University,732.0,313.0,369.0,1414.0,1181.0,Southland
1185,University of Montevallo,732.0,313.0,369.0,1414.0,1181.0,
1186,East Central University,732.0,313.0,369.0,1414.0,1181.0,
1187,Millersville University of Pennsylvania,732.0,313.0,369.0,1414.0,1181.0,
1188,Gannon University,732.0,313.0,369.0,1414.0,1181.0,
1189,Culver-Stockton College,732.0,313.0,369.0,1414.0,1181.0,
1190,United States Military Academy,732.0,313.0,369.0,1414.0,1181.0,
1191,Belmont Abbey College,732.0,313.0,369.0,1414.0,1181.0,
1192,Rockhurst University,732.0,313.0,369.0,1414.0,1181.0,
1193,Longwood University,732.0,313.0,369.0,1414.0,1181.0,
1194,Franklin College,732.0,313.0,369.0,1414.0,1181.0,
1195,American International University,732.0,313.0,371.0,1416.0,1196.0,
1196,Mount Union College,732.0,313.0,371.0,1416.0,1196.0,
1197,Southern Utah University,732.0,369.0,322.0,1423.0,1198.0,Big Sky
1198,Wittenberg University,732.0,369.0,322.0,1423.0,1198.0,
1199,Franklin & Marshall College,732.0,369.0,322.0,1423.0,1198.0,
1200,Missouri Southern State University,732.0,369.0,346.0,1447.0,1201.0,
1201,College of Wooster,732.0,313.0,402.0,1447.0,1202.0,
1202,Hillsdale College,732.0,313.0,402.0,1447.0,1202.0,
1203,University of Nebraska at Kearney,732.0,313.0,402.0,1447.0,1202.0,
1204,Ithaca College,456.0,369.0,630.0,1455.0,1205.0,
1205,Mercyhurst College,456.0,369.0,630.0,1455.0,1205.0,
1206,University of Indianapolis,456.0,369.0,630.0,1455.0,1205.0,
1207,Taft College,456.0,369.0,630.0,1455.0,1205.0,
1208,Middlebury College,555.0,369.0,534.0,1458.0,1209.0,
1209,Sul Ross State University,555.0,369.0,534.0,1458.0,1209.0,
1210,Upper Iowa University,555.0,369.0,534.0,1458.0,1209.0,
1211,Western Connecticut State University,732.0,369.0,369.0,1470.0,1212.0,
1212,University of Southern Maine,732.0,369.0,369.0,1470.0,1212.0,
1213,Albertson College,732.0,369.0,369.0,1470.0,1212.0,
1214,Wesleyan University,732.0,369.0,369.0,1470.0,1212.0,
1215,Westbrook College,732.0,369.0,369.0,1470.0,1212.0,
1216,Baker University,732.0,369.0,369.0,1470.0,1212.0,
1217,Anne Arundel Community College,732.0,369.0,369.0,1470.0,1212.0,
1218,Warner Pacific College,732.0,369.0,369.0,1470.0,1212.0,
1219,Baltimore City Community College,732.0,369.0,369.0,1470.0,1212.0,
1220,Volant College,732.0,369.0,369.0,1470.0,1212.0,
1221,Vincennes University,732.0,369.0,369.0,1470.0,1212.0,
1222,Athens State University,732.0,369.0,369.0,1470.0,1212.0,
1223,Viterbo University,732.0,369.0,369.0,1470.0,1212.0,
1224,University of the Ozarks,732.0,369.0,369.0,1470.0,1212.0,
1225,Utah Valley State University,732.0,369.0,369.0,1470.0,1212.0,
1226,Allegheny College,732.0,369.0,369.0,1470.0,1212.0,
1227,Weaver College,732.0,369.0,369.0,1470.0,1212.0,
1228,Whitman College,732.0,369.0,369.0,1470.0,1212.0,
1229,William Rainey Harper College,732.0,369.0,369.0,1470.0,1212.0,
1230,Weatherford College,732.0,369.0,369.0,1470.0,1212.0,
1231,Auburn University at Montgomery,732.0,369.0,369.0,1470.0,1212.0,
1232,Wilkes University,732.0,369.0,369.0,1470.0,1212.0,
1233,University of Massachusetts Dartmouth,732.0,369.0,369.0,1470.0,1212.0,
1234,Concordia Seminary-St. Louis,732.0,369.0,369.0,1470.0,1212.0,
1235,Barton College,732.0,369.0,369.0,1470.0,1212.0,
1236,Barstow Community College,732.0,369.0,369.0,1470.0,1212.0,
1237,Centralia College,732.0,369.0,369.0,1470.0,1212.0,
1238,Maritime College,732.0,369.0,369.0,1470.0,1212.0,
1239,East Los Angeles College,732.0,369.0,369.0,1470.0,1212.0,
1240,Macomb Community College,732.0,369.0,369.0,1470.0,1212.0,
1241,East Oklahoma State College,732.0,369.0,369.0,1470.0,1212.0,
1242,Lowell Technological Institute,732.0,369.0,369.0,1470.0,1212.0,
1243,Longview Community College,732.0,369.0,369.0,1470.0,1212.0,
1244,Linn-Benton Community College,732.0,369.0,369.0,1470.0,1212.0,
1245,Lincoln Trail College,732.0,369.0,369.0,1470.0,1212.0,
1246,Eastern Mennonite University,732.0,369.0,369.0,1470.0,1212.0,
1247,Limestone College,732.0,369.0,369.0,1470.0,1212.0,
1248,Edinboro University of Pennsylvania,732.0,369.0,369.0,1470.0,1212.0,
1249,Lambuth University,732.0,369.0,369.0,1470.0,1212.0,
1250,Edmonds Community College,732.0,369.0,369.0,1470.0,1212.0,
1251,Elizabethtown College,732.0,369.0,369.0,1470.0,1212.0,
1252,Labette Community College,732.0,369.0,369.0,1470.0,1212.0,
1253,Massachusetts College of Liberal Arts,732.0,369.0,369.0,1470.0,1212.0,
1254,Massachusetts Institute of Technology,732.0,369.0,369.0,1470.0,1212.0,
1255,East Central Community College,732.0,369.0,369.0,1470.0,1212.0,
1256,Massasoit Community College,732.0,369.0,369.0,1470.0,1212.0,
1257,New Mexico Military Institute,732.0,369.0,369.0,1470.0,1212.0,
1258,Nassau Community College,732.0,369.0,369.0,1470.0,1212.0,
1259,Florida Institute of Technology,732.0,369.0,369.0,1470.0,1212.0,
1260,Mount Morris College,732.0,369.0,369.0,1470.0,1212.0,
1261,Motlow State Community College,732.0,369.0,369.0,1470.0,1212.0,
1262,Moraine Valley Community College,732.0,369.0,369.0,1470.0,1212.0,
1263,Montgomery College-Rockville Campus,732.0,369.0,369.0,1470.0,1212.0,
1264,Mohawk Valley Community College,732.0,369.0,369.0,1470.0,1212.0,
1265,Kilgore College,732.0,369.0,369.0,1470.0,1212.0,
1266,Mitchell College,732.0,369.0,369.0,1470.0,1212.0,
1267,Mission College,732.0,369.0,369.0,1470.0,1212.0,
1268,Middlesex County Community College,732.0,369.0,369.0,1470.0,1212.0,
1269,Middlesex Community College,732.0,369.0,369.0,1470.0,1212.0,
1270,Cecil Community College,732.0,369.0,369.0,1470.0,1212.0,
1271,Messiah College,732.0,369.0,369.0,1470.0,1212.0,
1272,Meridian Junior College,732.0,369.0,369.0,1470.0,1212.0,
1273,Mendocino College,732.0,369.0,369.0,1470.0,1212.0,
1274,Medical College of Virginia,732.0,369.0,369.0,1470.0,1212.0,
1275,Case Institute of Applied Sciences,732.0,369.0,369.0,1470.0,1212.0,
1276,Ellsworth College,732.0,369.0,369.0,1470.0,1212.0,
1277,Kennedy-King College,732.0,369.0,369.0,1470.0,1212.0,
1278,Collin College,732.0,369.0,369.0,1470.0,1212.0,
1279,Hahnemann University,732.0,369.0,369.0,1470.0,1212.0,
1280,Gulf Coast Military Academy,732.0,369.0,369.0,1470.0,1212.0,
1281,Grand Rapids Community College,732.0,369.0,369.0,1470.0,1212.0,
1282,College of DuPage,732.0,369.0,369.0,1470.0,1212.0,
1283,Glenville State College,732.0,369.0,369.0,1470.0,1212.0,
1284,Glen Oaks Community College,732.0,369.0,369.0,1470.0,1212.0,
1285,Georgia College and State University,732.0,369.0,369.0,1470.0,1212.0,
1286,Gavilan College,732.0,369.0,369.0,1470.0,1212.0,
1287,Feather River College,732.0,369.0,369.0,1470.0,1212.0,
1288,Garrett Community College,732.0,369.0,369.0,1470.0,1212.0,
1289,Gadsden State Community College,732.0,369.0,369.0,1470.0,1212.0,
1290,College of Southern Maryland,732.0,369.0,369.0,1470.0,1212.0,
1291,College of the Southwest,732.0,369.0,369.0,1470.0,1212.0,
1292,Friends University,732.0,369.0,369.0,1470.0,1212.0,
1293,College of St. Rose,732.0,369.0,369.0,1470.0,1212.0,
1294,Freed-Hardeman University,732.0,369.0,369.0,1470.0,1212.0,
1295,Frank Phillips College,732.0,369.0,369.0,1470.0,1212.0,
1296,Francis Marion University,732.0,369.0,369.0,1470.0,1212.0,
1297,Garden City Community College,732.0,369.0,369.0,1470.0,1212.0,
1298,Carnegie Mellon University,732.0,369.0,369.0,1470.0,1212.0,
1299,Hartnell College,732.0,369.0,369.0,1470.0,1212.0,
1300,Hawaii Pacific University,732.0,369.0,369.0,1470.0,1212.0,
1301,Kaskaskia College,732.0,369.0,369.0,1470.0,1212.0,
1302,Kankakee Community College,732.0,369.0,369.0,1470.0,1212.0,
1303,Johnson County Community College,732.0,369.0,369.0,1470.0,1212.0,
1304,John J Pershing College,732.0,369.0,369.0,1470.0,1212.0,
1305,John Brown University,732.0,369.0,369.0,1470.0,1212.0,
1306,Erie Community College,732.0,369.0,369.0,1470.0,1212.0,
1307,Clark College,732.0,369.0,369.0,1470.0,1212.0,
1308,Jackson State Community College,732.0,369.0,369.0,1470.0,1212.0,
1309,Hartwick College,732.0,369.0,369.0,1470.0,1212.0,
1310,Everett Community College,732.0,369.0,369.0,1470.0,1212.0,
1311,Illinois Central College,732.0,369.0,369.0,1470.0,1212.0,
1312,Coastal Georgia Community College,732.0,369.0,369.0,1470.0,1212.0,
1313,Hunter College,732.0,369.0,369.0,1470.0,1212.0,
1314,Holmes Community College,732.0,369.0,369.0,1470.0,1212.0,
1315,Hiwassee College,732.0,369.0,369.0,1470.0,1212.0,
1316,Highland Park College,732.0,369.0,369.0,1470.0,1212.0,
1317,Henry Ford Community College,732.0,369.0,369.0,1470.0,1212.0,
1318,Hendrix College,732.0,369.0,369.0,1470.0,1212.0,
1319,Fairleigh Dickinson University-Metropolitan Campus,732.0,369.0,369.0,1470.0,1212.0,
1320,Newport News Apprentice School,732.0,369.0,369.0,1470.0,1212.0,
1321,Mount San Jacinto College,732.0,369.0,369.0,1470.0,1212.0,
1322,North Arkansas College,732.0,369.0,369.0,1470.0,1212.0,
1323,Bridgewater College,732.0,369.0,369.0,1470.0,1212.0,
1324,Bridgewater State College,732.0,369.0,369.0,1470.0,1212.0,
1325,St. Michael's College,732.0,369.0,369.0,1470.0,1212.0,
1326,Daytona Beach Community College,732.0,369.0,369.0,1470.0,1212.0,
1327,St. Mary's University of Minnesota,732.0,369.0,369.0,1470.0,1212.0,
1328,St. Martin's College,732.0,369.0,369.0,1470.0,1212.0,
1329,Delaware County Community College,732.0,369.0,369.0,1470.0,1212.0,
1330,St. Andrews Presbyterian College,732.0,369.0,369.0,1470.0,1212.0,
1331,State University of New York at Fredonia,732.0,369.0,369.0,1470.0,1212.0,
1332,Delaware Technical and Community College,732.0,369.0,369.0,1470.0,1212.0,
1333,Southwest Texas Junior College,732.0,369.0,369.0,1470.0,1212.0,
1334,Bryant College,732.0,369.0,369.0,1470.0,1212.0,
1335,Southeastern Iowa Community College,732.0,369.0,369.0,1470.0,1212.0,
1336,Bucks County Community College,732.0,369.0,369.0,1470.0,1212.0,
1337,Delgado Community College,732.0,369.0,369.0,1470.0,1212.0,
1338,Sinclair Community College,732.0,369.0,369.0,1470.0,1212.0,
1339,Community College of Philadelphia,732.0,369.0,369.0,1470.0,1212.0,
1340,Normandale Community College,732.0,369.0,369.0,1470.0,1212.0,
1341,Southwestern Oklahoma State University,732.0,369.0,369.0,1470.0,1212.0,
1342,Shenandoah University,732.0,369.0,369.0,1470.0,1212.0,
1343,State University of New York at Oneonta,732.0,369.0,369.0,1470.0,1212.0,
1344,Tacoma Community College,732.0,369.0,369.0,1470.0,1212.0,
1345,Bellarmine College,732.0,369.0,369.0,1470.0,1212.0,
1346,University of Hawaii at Hilo,732.0,369.0,369.0,1470.0,1212.0,
1347,Benedictine College,732.0,369.0,369.0,1470.0,1212.0,
1348,Bernard M Baruch College,732.0,369.0,369.0,1470.0,1212.0,
1349,Bevill State Community College,732.0,369.0,369.0,1470.0,1212.0,
1350,University of Arkansas at Monticello,732.0,369.0,369.0,1470.0,1212.0,
1351,Blackburn College,732.0,369.0,369.0,1470.0,1212.0,
1352,Tusculum College,732.0,369.0,369.0,1470.0,1212.0,
1353,Cumberland University,732.0,369.0,369.0,1470.0,1212.0,
1354,Tupelo Military Institute,732.0,369.0,369.0,1470.0,1212.0,
1355,Bordentown Military Institute,732.0,369.0,369.0,1470.0,1212.0,
1356,Concordia University at Austin,732.0,369.0,369.0,1470.0,1212.0,
1357,Bossier Parish Community College,732.0,369.0,369.0,1470.0,1212.0,
1358,Brandeis University,732.0,369.0,369.0,1470.0,1212.0,
1359,Brandywine Junior College,732.0,369.0,369.0,1470.0,1212.0,
1360,Brevard College,732.0,369.0,369.0,1470.0,1212.0,
1361,Temple College,732.0,369.0,369.0,1470.0,1212.0,
1362,Copiah-Lincoln Community College,732.0,369.0,369.0,1470.0,1212.0,
1363,Blue Mountain Community College,732.0,369.0,369.0,1470.0,1212.0,
1364,Des Moines University,732.0,369.0,369.0,1470.0,1212.0,
1365,Shurtleff College,732.0,369.0,369.0,1470.0,1212.0,
1366,Buffalo State College,732.0,369.0,369.0,1470.0,1212.0,
1367,Shasta College,732.0,369.0,369.0,1470.0,1212.0,
1368,Palm Beach Atlantic University,732.0,369.0,369.0,1470.0,1212.0,
1369,Olney Central College,732.0,369.0,369.0,1470.0,1212.0,
1370,Community College of Allegheny County-South Campus,732.0,369.0,369.0,1470.0,1212.0,
1371,Camden County College,732.0,369.0,369.0,1470.0,1212.0,
1372,Oklahoma Wesleyan University,732.0,369.0,369.0,1470.0,1212.0,
1373,Ohio Valley College,732.0,369.0,369.0,1470.0,1212.0,
1374,Community College of Allegheny County-Boyce Campus,732.0,369.0,369.0,1470.0,1212.0,
1375,Parker College,732.0,369.0,369.0,1470.0,1212.0,
1376,Oakland Community College,732.0,369.0,369.0,1470.0,1212.0,
1377,Northwood University,732.0,369.0,369.0,1470.0,1212.0,
1378,Northwest-Shoals Community College,732.0,369.0,369.0,1470.0,1212.0,
1379,Canterbury College,732.0,369.0,369.0,1470.0,1212.0,
1380,Northeastern Illinois University,732.0,369.0,369.0,1470.0,1212.0,
1381,Northeast Texas Community College,732.0,369.0,369.0,1470.0,1212.0,
1382,North Shore Community College,732.0,369.0,369.0,1470.0,1212.0,
1383,North Idaho College,732.0,369.0,369.0,1470.0,1212.0,
1384,Cardinal Stritch University,732.0,369.0,369.0,1470.0,1212.0,
1385,Norwalk Community College,732.0,369.0,369.0,1470.0,1212.0,
1386,Pasco-Hernando Community College,732.0,369.0,369.0,1470.0,1212.0,
1387,Palmer College,732.0,369.0,369.0,1470.0,1212.0,
1388,Plymouth State College,732.0,369.0,369.0,1470.0,1212.0,
1389,Dixon College,732.0,369.0,369.0,1470.0,1212.0,
1390,Schreiner University,732.0,369.0,369.0,1470.0,1212.0,
1391,Burnetta College,732.0,369.0,369.0,1470.0,1212.0,
1392,Drury University,732.0,369.0,369.0,1470.0,1212.0,
1393,Rockland Community College,732.0,369.0,369.0,1470.0,1212.0,
1394,Pitt Community College,732.0,369.0,369.0,1470.0,1212.0,
1395,Rock Hill College,732.0,369.0,369.0,1470.0,1212.0,
1396,Ricker College,732.0,369.0,369.0,1470.0,1212.0,
1397,College of the Redwoods,732.0,369.0,369.0,1470.0,1212.0,
1398,Rhode Island College,732.0,369.0,369.0,1470.0,1212.0,
1399,Potomac State College,732.0,369.0,369.0,1470.0,1212.0,
1400,Pratt Community College,732.0,369.0,369.0,1470.0,1212.0,
1401,Community College of Beaver County,732.0,369.0,369.0,1470.0,1212.0,
1402,Quinnipiac College,732.0,369.0,369.0,1470.0,1212.0,
1403,Ferris State University,732.0,369.0,371.0,1472.0,1404.0,
1404,Southern Arkansas University,732.0,369.0,371.0,1472.0,1404.0,
1405,University of Wisconsin at Whitewater,732.0,369.0,371.0,1472.0,1404.0,
1406,Otterbein College,732.0,313.0,449.0,1494.0,1407.0,
1407,Stony Brook University,555.0,313.0,630.0,1498.0,1408.0,CAA
1408,Western Washington University,732.0,369.0,402.0,1503.0,1409.0,
1409,Wiley College,732.0,369.0,402.0,1503.0,1409.0,
1410,Widener University,732.0,369.0,402.0,1503.0,1409.0,
1411,Shippensburg University of Pennsylvania,732.0,369.0,402.0,1503.0,1409.0,
1412,Carthage College,732.0,369.0,402.0,1503.0,1409.0,
1413,Wheaton College,732.0,313.0,476.0,1521.0,1414.0,
1414,Fayetteville State University,732.0,313.0,476.0,1521.0,1414.0,
1415,Shepherd College,732.0,369.0,449.0,1550.0,1416.0,
1416,Lombard College,732.0,369.0,449.0,1550.0,1416.0,
1417,Palomar College,555.0,369.0,630.0,1554.0,1418.0,
1418,Shaw University,555.0,369.0,630.0,1554.0,1418.0,
1419,Rowan University,555.0,369.0,630.0,1554.0,1418.0,
1420,Grinnell College,555.0,369.0,630.0,1554.0,1418.0,
1421,Clarkson University,555.0,369.0,630.0,1554.0,1418.0,
1422,Iowa Wesleyan College,555.0,369.0,630.0,1554.0,1418.0,
1423,Walla Walla Community College,555.0,369.0,630.0,1554.0,1418.0,
1424,Wagner College,555.0,369.0,630.0,1554.0,1418.0,Northeast
1425,Western Oregon University,732.0,369.0,476.0,1577.0,1426.0,
1426,Thiel College,732.0,369.0,476.0,1577.0,1426.0,
1427,William Jewell College,732.0,369.0,476.0,1577.0,1426.0,
1428,Willamette University,732.0,369.0,476.0,1577.0,1426.0,
1429,Loras College,732.0,369.0,476.0,1577.0,1426.0,
1430,Lane College,732.0,369.0,476.0,1577.0,1426.0,
1431,Mars Hill College,732.0,369.0,476.0,1577.0,1426.0,
1432,Frostburg State University,732.0,369.0,476.0,1577.0,1426.0,
1433,Clarion University of Pennsylvania,732.0,369.0,476.0,1577.0,1426.0,
1434,Wesley College,732.0,369.0,476.0,1577.0,1426.0,
1435,Lake Forest College,732.0,369.0,476.0,1577.0,1426.0,
1436,Kenyon College,732.0,313.0,534.0,1579.0,1437.0,
1437,Upsala College,732.0,313.0,534.0,1579.0,1437.0,
1438,William Paterson University,732.0,249.0,630.0,1611.0,1439.0,
1439,Schuylkill College,732.0,369.0,534.0,1635.0,1440.0,
1440,St. Augustine's College,732.0,369.0,534.0,1635.0,1440.0,
1441,Randolph-Macon College,732.0,369.0,534.0,1635.0,1440.0,
1442,Olivet College,732.0,369.0,534.0,1635.0,1440.0,
1443,Harding University,732.0,369.0,534.0,1635.0,1440.0,
1444,Fort Hays State University,732.0,369.0,534.0,1635.0,1440.0,
1445,Tarkio College,732.0,369.0,534.0,1635.0,1440.0,
1446,Whitworth College,732.0,369.0,534.0,1635.0,1440.0,
1447,Simpson College,732.0,369.0,534.0,1635.0,1440.0,
1448,St. Ambrose University,732.0,369.0,630.0,1731.0,1449.0,
1449,Augustana College,732.0,369.0,630.0,1731.0,1449.0,
1450,Sterling University,732.0,369.0,630.0,1731.0,1449.0,
1451,Lakeland Community College,732.0,369.0,630.0,1731.0,1449.0,
1452,George Fox University,732.0,369.0,630.0,1731.0,1449.0,
1453,Flagler College,732.0,369.0,630.0,1731.0,1449.0,
1454,Ohio Dominican University,732.0,369.0,630.0,1731.0,1449.0,
1455,Marion Military Institute,732.0,369.0,630.0,1731.0,1449.0,
1456,Lincoln College,732.0,369.0,630.0,1731.0,1449.0,
1457,Lewis & Clark Community College,732.0,369.0,630.0,1731.0,1449.0,
1458,Snow College (UT),732.0,369.0,630.0,1731.0,1449.0,
1459,MacMurray College,732.0,369.0,630.0,1731.0,1449.0,
